,매장이름,판매 물품,재고,재고업데이트날짜,최근판매날짜
0,GS25R서울강남4점,8801094232702,8,2020-04-11,2020-06-16
1,GS25R서울강남4점,8801056164011,16,2020-04-11,2020-06-16
2,GS25R서울강남4점,8809409910123,14,2020-04-11,2020-06-16
3,GS25R서울강남4점,8809110700044,2,2020-04-11,2020-06-16
4,GS25R서울강남4점,8806002010427,16,2020-04-11,2020-06-16
5,GS25R서울강남4점,8809135303633,2,2020-04-11,2020-06-16
6,GS25R서울강남4점,8809424480021,21,2020-04-11,2020-06-16
7,GS25R서울강남4점,8809027331744,8,2020-04-11,2020-06-16
8,GS25R서울강남4점,8809082727537,11,2020-04-11,2020-06-16
9,GS25R서울강남4점,8801056001841,8,2020-04-11,2020-06-16
10,GS25R서울강남4점,8809423870014,12,2020-04-11,2020-06-16
11,GS25R서울강남4점,8809173200147,11,2020-04-11,2020-06-16
12,GS25R서울강남4점,8801056024062,20,2020-04-11,2020-06-16
13,GS25R서울강남4점,8801056022112,8,2020-04-11,2020-06-16
14,GS25R서울강남4점,8801056798017,10,2020-04-11,2020-06-16
15,GS25R서울강남4점,8801056688011,20,2020-04-11,2020-06-16
16,GS25R서울강남4점,8801056298128,19,2020-04-11,2020-06-16
17,GS25R서울강남4점,8809423870007,2,2020-04-11,2020-06-16
18,GS25R서울강남4점,8803284607659,4,2020-04-11,2020-06-16
19,GS25R서울강남4점,8801056224158,4,2020-04-11,2020-06-16
20,GS25R서울강남4점,8801056005719,13,2020-04-11,2020-06-16
21,GS25R선릉7점,8806002003931,42,2020-06-15,2020-06-20
22,GS25R선릉7점,8801056065829,33,2020-06-15,2020-06-20
23,GS25R선릉7점,8809382930217,13,2020-06-15,2020-06-20
24,GS25R선릉7점,8809135308157,19,2020-06-15,2020-06-20
25,GS25R선릉7점,8802774003445,22,2020-06-15,2020-06-20
26,GS25R선릉7점,8801056007163,8,2020-06-15,2020-06-20
27,GS25R선릉7점,8806001084542,18,2020-06-15,2020-06-20
28,GS25R선릉7점,8801094482602,13,2020-06-15,2020-06-20
29,GS25R선릉7점,8806001084894,22,2020-06-15,2020-06-20
30,GS25R선릉7점,8807920310347,19,2020-06-15,2020-06-20
31,GS25R선릉7점,8801382134848,30,2020-06-15,2020-06-20
32,GS25R선릉7점,8801094223007,31,2020-06-15,2020-06-20
33,GS25R선릉7점,8809050511038,36,2020-06-15,2020-06-20
34,GS25R선릉7점,8809380760175,29,2020-06-15,2020-06-20
35,GS25R선릉7점,8804074100350,18,2020-06-15,2020-06-20
36,GS25R선릉7점,8801056924011,12,2020-06-15,2020-06-20
37,GS25R선릉7점,8802673003355,5,2020-06-15,2020-06-20
38,GS25R선릉7점,8809068661176,47,2020-06-15,2020-06-20
39,GS25R선릉7점,8809424480038,39,2020-06-15,2020-06-20
40,GS25R선릉7점,8801094503000,22,2020-06-15,2020-06-20
41,GS25R선릉7점,8801056021062,42,2020-06-15,2020-06-20
42,GS25R선릉7점,8801056058227,25,2020-06-15,2020-06-20
43,GS25R선릉7점,8809173200147,33,2020-06-15,2020-06-20
44,GS25R선릉7점,8809323750010,35,2020-06-15,2020-06-20
45,GS25R선릉7점,8806002010977,16,2020-06-15,2020-06-20
46,GS25R선릉7점,8801104500067,26,2020-06-15,2020-06-20
47,GS25R선릉7점,8801056005237,35,2020-06-15,2020-06-20
48,GS25R선릉7점,8801056017606,28,2020-06-15,2020-06-20
49,GS25R선릉7점,8806002003931,13,2020-06-15,2020-06-20
50,GS25R선릉7점,8801382144823,13,2020-06-15,2020-06-20
51,GS25R선릉7점,8801382131014,21,2020-06-15,2020-06-20
52,GS25R선릉7점,8801056022112,7,2020-06-15,2020-06-20
53,GS25R선릉7점,8809125060232,39,2020-06-15,2020-06-20
54,GS25R선릉7점,8801056389017,33,2020-06-15,2020-06-20
55,GS25R선릉7점,8801056001858,27,2020-06-15,2020-06-20
56,GS25R선릉7점,8801097250053,36,2020-06-15,2020-06-20
57,GS25R선릉7점,8801037018646,42,2020-06-15,2020-06-20
58,GS25R선릉7점,8809173200130,28,2020-06-15,2020-06-20
59,GS25R선릉7점,8806020310530,26,2020-06-15,2020-06-20
60,GS25R선릉7점,8801097178090,32,2020-06-15,2020-06-20
61,GS25R선릉7점,8809082723386,22,2020-06-15,2020-06-20
62,GS25R선릉7점,8809173200130,44,2020-06-15,2020-06-20
63,GS25R선릉7점,8806001085020,18,2020-06-15,2020-06-20
64,GS25R선릉7점,8809057550023,45,2020-06-15,2020-06-20
65,GS25R선릉7점,8801056005672,39,2020-06-15,2020-06-20
66,GS25R선릉7점,880105665874,7,2020-06-15,2020-06-20
67,GS25R선릉7점,8805915530633,11,2020-06-15,2020-06-20
68,GS25R선릉7점,8801056233013,13,2020-06-15,2020-06-20
69,GS25S9봉은사역점,8809191574688,42,2020-02-16,2020-07-18
70,GS25S9봉은사역점,8809423620015,3,2020-02-16,2020-07-18
71,GS25S9봉은사역점,8809191574695,2,2020-02-16,2020-07-18
72,GS25S9봉은사역점,8801382144823,5,2020-02-16,2020-07-18
73,GS25S9봉은사역점,8809423620008,1,2020-02-16,2020-07-18
74,GS25S9봉은사역점,8801097250383,3,2020-02-16,2020-07-18
75,GS25S9봉은사역점,8809125060225,34,2020-02-16,2020-07-18
76,GS25S9봉은사역점,8801056714017,30,2020-02-16,2020-07-18
77,GS25S9봉은사역점,8809068661152,43,2020-02-16,2020-07-18
78,GS25S9봉은사역점,8802774000369,18,2020-02-16,2020-07-18
79,GS25S9봉은사역점,8801094503505,4,2020-02-16,2020-07-18
80,GS25S9봉은사역점,8802673003317,31,2020-02-16,2020-07-18
81,GS25S9봉은사역점,8801382130659,9,2020-02-16,2020-07-18
82,GS25S9봉은사역점,8801056036775,25,2020-02-16,2020-07-18
83,GS25S9봉은사역점,8801056064747,34,2020-02-16,2020-07-18
84,GS25S9봉은사역점,8801056024017,34,2020-02-16,2020-07-18
85,GS25S9봉은사역점,8801056022112,5,2020-02-16,2020-07-18
86,GS25S9봉은사역점,8806002010977,3,2020-02-16,2020-07-18
87,GS25S9봉은사역점,8809409910123,17,2020-02-16,2020-07-18
88,GS25S9봉은사역점,8809080300039,11,2020-02-16,2020-07-18
89,GS25S9봉은사역점,8801056042219,3,2020-02-16,2020-07-18
90,GS25S9봉은사역점,8809050511083,24,2020-02-16,2020-07-18
91,GS25S9봉은사역점,8801037037852,22,2020-02-16,2020-07-18
92,GS25S9봉은사역점,8802673003225,7,2020-02-16,2020-07-18
93,GS25S9봉은사역점,8801043650700,15,2020-02-16,2020-07-18
94,GS25S9봉은사역점,8803284605532,15,2020-02-16,2020-07-18
95,GS25S9봉은사역점,8809135308157,3,2020-02-16,2020-07-18
96,GS25S9봉은사역점,8809135308157,12,2020-02-16,2020-07-18
97,GS25S9봉은사역점,8801056017606,41,2020-02-16,2020-07-18
98,GS25S9봉은사역점,8804342387872,1,2020-02-16,2020-07-18
99,GS25S9봉은사역점,8806002003030,32,2020-02-16,2020-07-18
100,GS25S9봉은사역점,8809382930200,41,2020-02-16,2020-07-18
101,GS25S9봉은사역점,8801382132455,10,2020-02-16,2020-07-18
102,GS25S9봉은사역점,8801056058227,10,2020-02-16,2020-07-18
103,GS25S9봉은사역점,8801056030649,37,2020-02-16,2020-07-18
104,GS25S9봉은사역점,8801094503901,6,2020-02-16,2020-07-18
105,GS25S9봉은사역점,8801056787127,40,2020-02-16,2020-07-18
106,GS25S9봉은사역점,8801056233013,19,2020-02-16,2020-07-18
107,GS25S9봉은사역점,8806001083798,12,2020-02-16,2020-07-18
108,GS25S9봉은사역점,8801056036775,19,2020-02-16,2020-07-18
109,GS25S9봉은사역점,8801097150010,1,2020-02-16,2020-07-18
110,GS25S9봉은사역점,8806001083026,4,2020-02-16,2020-07-18
111,GS25S9봉은사역점,8809380760175,27,2020-02-16,2020-07-18
112,GS25S9봉은사역점,8806002010977,12,2020-02-16,2020-07-18
113,GS25S9삼성중앙역점,8806002002894,10,2020-09-15,2020-04-18
114,GS25S9삼성중앙역점,8809191574695,1,2020-09-15,2020-04-18
115,GS25S9삼성중앙역점,8809023001269,28,2020-09-15,2020-04-18
116,GS25S9삼성중앙역점,8809191574688,30,2020-09-15,2020-04-18
117,GS25S9삼성중앙역점,8806020310530,3,2020-09-15,2020-04-18
118,GS25S9삼성중앙역점,8809057550023,7,2020-09-15,2020-04-18
119,GS25S9삼성중앙역점,8801056009731,10,2020-09-15,2020-04-18
120,GS25S9삼성중앙역점,8809397830014,30,2020-09-15,2020-04-18
121,GS25S9삼성중앙역점,8802673003256,30,2020-09-15,2020-04-18
122,GS25S9삼성중앙역점,8806002003023,8,2020-09-15,2020-04-18
123,GS25S9삼성중앙역점,8801056154011,18,2020-09-15,2020-04-18
124,GS25S9삼성중앙역점,8801097250079,18,2020-09-15,2020-04-18
125,GS25S9삼성중앙역점,8809382930255,2,2020-09-15,2020-04-18
126,GS25S9삼성중앙역점,8801056024017,25,2020-09-15,2020-04-18
127,GS25S9삼성중앙역점,8809323750065,10,2020-09-15,2020-04-18
128,GS25S9삼성중앙역점,8801056036775,8,2020-09-15,2020-04-18
129,GS25S9삼성중앙역점,8809027331744,20,2020-09-15,2020-04-18
130,GS25S9삼성중앙역점,8801056005719,26,2020-09-15,2020-04-18
131,GS25S9삼성중앙역점,8809191574688,25,2020-09-15,2020-04-18
132,GS25S9삼성중앙역점,8806002003023,18,2020-09-15,2020-04-18
133,GS25S9삼성중앙역점,8801056164011,10,2020-09-15,2020-04-18
134,GS25S9삼성중앙역점,8801094602208,33,2020-09-15,2020-04-18
135,GS25S9삼성중앙역점,8804342310108,12,2020-09-15,2020-04-18
136,GS25S9삼성중앙역점,8802673003362,18,2020-09-15,2020-04-18
137,GS25S9삼성중앙역점,8801056065768,3,2020-09-15,2020-04-18
138,GS25S9삼성중앙역점,8806003011362,1,2020-09-15,2020-04-18
139,GS25S9삼성중앙역점,8809173200147,9,2020-09-15,2020-04-18
140,GS25S9삼성중앙역점,8801094602208,17,2020-09-15,2020-04-18
141,GS25S9삼성중앙역점,8809125060836,1,2020-09-15,2020-04-18
142,GS25S9삼성중앙역점,8801056021062,33,2020-09-15,2020-04-18
143,GS25S9삼성중앙역점,8801056005672,7,2020-09-15,2020-04-18
144,GS25S9삼성중앙역점,8801382134848,24,2020-09-15,2020-04-18
145,GS25S9삼성중앙역점,8806002010571,11,2020-09-15,2020-04-18
146,GS25S9신논현역점,8809023009340,16,2020-01-20,2020-08-20
147,GS25S9신논현역점,8801056298128,13,2020-01-20,2020-08-20
148,GS25S9신논현역점,8802774006927,8,2020-01-20,2020-08-20
149,GS25S9신논현역점,8801056058227,2,2020-01-20,2020-08-20
150,GS25S9신논현역점,8801094563004,9,2020-01-20,2020-08-20
151,GS25S9신논현역점,8809423870007,20,2020-01-20,2020-08-20
152,GS25S9신논현역점,8801056034740,22,2020-01-20,2020-08-20
153,GS25S9신논현역점,8809380760175,20,2020-01-20,2020-08-20
154,GS25S9신논현역점,8801097178038,1,2020-01-20,2020-08-20
155,GS25S9신논현역점,8801056005672,11,2020-01-20,2020-08-20
156,GS25S9신논현역점,8809382930200,9,2020-01-20,2020-08-20
157,GS25S9신논현역점,8809027331317,3,2020-01-20,2020-08-20
158,GS25S9신논현역점,8801056021062,20,2020-01-20,2020-08-20
159,GS25S9신논현역점,8801097250279,22,2020-01-20,2020-08-20
160,GS25S9신논현역점,8809023003379,9,2020-01-20,2020-08-20
161,GS25S9신논현역점,8802673003225,14,2020-01-20,2020-08-20
162,GS25S9신논현역점,8802673003263,6,2020-01-20,2020-08-20
163,GS25S9신논현역점,8801037037869,22,2020-01-20,2020-08-20
164,GS25S9신논현역점,8801382130840,10,2020-01-20,2020-08-20
165,GS25S9신논현역점,8809191574640,7,2020-01-20,2020-08-20
166,GS25S9신논현역점,8805915531036,9,2020-01-20,2020-08-20
167,GS25S9신논현역점,8806001083767,8,2020-01-20,2020-08-20
168,GS25S9신논현역점,8806002003900,22,2020-01-20,2020-08-20
169,GS25S9신논현역점,8801094222703,12,2020-01-20,2020-08-20
170,GS25S9신논현역점,8809082727513,13,2020-01-20,2020-08-20
171,GS25S9언주역점,8806002010427,37,2020-06-19,2020-04-19
172,GS25S9언주역점,8801056389123,26,2020-06-19,2020-04-19
173,GS25S9언주역점,8801382138686,14,2020-06-19,2020-04-19
174,GS25S9언주역점,8803284607659,32,2020-06-19,2020-04-19
175,GS25S9언주역점,8801056038649,26,2020-06-19,2020-04-19
176,GS25S9언주역점,8809027331317,2,2020-06-19,2020-04-19
177,GS25S9언주역점,8801056005672,37,2020-06-19,2020-04-19
178,GS25S9언주역점,8801097130012,30,2020-06-19,2020-04-19
179,GS25S9언주역점,8809027331706,20,2020-06-19,2020-04-19
180,GS25S9언주역점,8809125060225,16,2020-06-19,2020-04-19
181,GS25S9언주역점,8809050511090,27,2020-06-19,2020-04-19
182,GS25S9언주역점,8801097250053,13,2020-06-19,2020-04-19
183,GS25S9언주역점,8801056755010,25,2020-06-19,2020-04-19
184,GS25S9언주역점,8801056298012,16,2020-06-19,2020-04-19
185,GS25S9언주역점,8806002000794,24,2020-06-19,2020-04-19
186,GS25S9언주역점,8801043650199,29,2020-06-19,2020-04-19
187,GS25S9언주역점,8801056064747,31,2020-06-19,2020-04-19
188,GS25S9언주역점,8801043650199,17,2020-06-19,2020-04-19
189,GS25S9언주역점,8809082727537,4,2020-06-19,2020-04-19
190,GS25S9언주역점,8809173200345,30,2020-06-19,2020-04-19
191,GS25S9언주역점,8809027331744,11,2020-06-19,2020-04-19
192,GS25S9언주역점,8809040935110,28,2020-06-19,2020-04-19
193,GS25S9언주역점,8809191574664,10,2020-06-19,2020-04-19
194,GS25S9언주역점,8806430012802,17,2020-06-19,2020-04-19
195,GS25S9언주역점,8801097250079,20,2020-06-19,2020-04-19
196,GS25S9언주역점,8809397830021,2,2020-06-19,2020-04-19
197,GS25S9언주역점,8802774000987,27,2020-06-19,2020-04-19
198,GS25S9언주역점,8801094503901,20,2020-06-19,2020-04-19
199,GS25S9언주역점,8801056065768,2,2020-06-19,2020-04-19
200,GS25S9언주역점,8801056033026,31,2020-06-19,2020-04-19
201,GS25S9언주역점,8809382930224,9,2020-06-19,2020-04-19
202,GS25S9언주역점,8801056755010,19,2020-06-19,2020-04-19
203,GS25S9언주역점,8809228150014,20,2020-06-19,2020-04-19
204,GS25S9언주역점,8801094502102,8,2020-06-19,2020-04-19
205,GS25S9언주역점,8806002003030,24,2020-06-19,2020-04-19
206,GS25S9언주역점,8801097131019,33,2020-06-19,2020-04-19
207,GS25S9언주역점,8801382130840,22,2020-06-19,2020-04-19
208,GS25S9언주역점,8801382137382,30,2020-06-19,2020-04-19
209,GS25S9언주역점,8801056688127,2,2020-06-19,2020-04-19
210,GS25S9언주역점,8801056924011,39,2020-06-19,2020-04-19
211,GS25S강남구청역점,8802774006927,7,2020-04-11,2020-06-13
212,GS25S강남구청역점,8809027331324,2,2020-04-11,2020-06-13
213,GS25S강남구청역점,8809423870007,6,2020-04-11,2020-06-13
214,GS25S강남구청역점,8801097278035,2,2020-04-11,2020-06-13
215,GS25S강남구청역점,8801056007163,3,2020-04-11,2020-06-13
216,GS25S강남구청역점,8801094232702,4,2020-04-11,2020-06-13
217,GS25S강남구청역점,8806020310530,6,2020-04-11,2020-06-13
218,GS25S강남구청역점,8809068661008,5,2020-04-11,2020-06-13
219,GS25S강남구청역점,8806001085020,12,2020-04-11,2020-06-13
220,GS25S강남구청역점,8805915530633,6,2020-04-11,2020-06-13
221,GS25S강남구청역점,8801097618114,1,2020-04-11,2020-06-13
222,GS25S강남구청역점,8809050511090,2,2020-04-11,2020-06-13
223,GS25S강남역1호점,8801094563004,36,2020-06-17,2020-07-21
224,GS25S강남역1호점,8801056201012,32,2020-06-17,2020-07-21
225,GS25S강남역1호점,8809382930255,4,2020-06-17,2020-07-21
226,GS25S강남역1호점,8809068661077,18,2020-06-17,2020-07-21
227,GS25S강남역1호점,8806430012802,18,2020-06-17,2020-07-21
228,GS25S강남역1호점,8806002003023,8,2020-06-17,2020-07-21
229,GS25S강남역1호점,8801094503000,30,2020-06-17,2020-07-21
230,GS25S강남역1호점,8809027332932,21,2020-06-17,2020-07-21
231,GS25S강남역1호점,8801056298012,11,2020-06-17,2020-07-21
232,GS25S강남역1호점,8802673003263,29,2020-06-17,2020-07-21
233,GS25S강남역1호점,8809135308157,22,2020-06-17,2020-07-21
234,GS25S강남역1호점,8801056001285,22,2020-06-17,2020-07-21
235,GS25S강남역1호점,8801382144830,20,2020-06-17,2020-07-21
236,GS25S강남역1호점,8809125060836,31,2020-06-17,2020-07-21
237,GS25S강남역1호점,8801094603007,1,2020-06-17,2020-07-21
238,GS25S강남역1호점,8809382930217,1,2020-06-17,2020-07-21
239,GS25S강남역1호점,8809191574695,5,2020-06-17,2020-07-21
240,GS25S강남역1호점,8809323750027,16,2020-06-17,2020-07-21
241,GS25S강남역1호점,8809057795509,27,2020-06-17,2020-07-21
242,GS25S강남역1호점,8801382127574,23,2020-06-17,2020-07-21
243,GS25S강남역1호점,8801056924011,11,2020-06-17,2020-07-21
244,GS25S강남역1호점,8806002003030,31,2020-06-17,2020-07-21
245,GS25S강남역1호점,8801056006259,28,2020-06-17,2020-07-21
246,GS25S강남역1호점,8801097150010,20,2020-06-17,2020-07-21
247,GS25S강남역1호점,8801056065829,21,2020-06-17,2020-07-21
248,GS25S강남역1호점,8801056224158,21,2020-06-17,2020-07-21
249,GS25S강남역1호점,8806002002894,3,2020-06-17,2020-07-21
250,GS25S강남역1호점,8801382134848,15,2020-06-17,2020-07-21
251,GS25S강남역1호점,8809382930231,18,2020-06-17,2020-07-21
252,GS25S강남역1호점,8806002003023,25,2020-06-17,2020-07-21
253,GS25S강남역1호점,8801056233013,24,2020-06-17,2020-07-21
254,GS25S강남역1호점,8801056224158,31,2020-06-17,2020-07-21
255,GS25S강남역1호점,8809027331744,8,2020-06-17,2020-07-21
256,GS25S강남역1호점,8807920310347,32,2020-06-17,2020-07-21
257,GS25S강남역1호점,8806002003030,4,2020-06-17,2020-07-21
258,GS25S강남역1호점,8809423870007,21,2020-06-17,2020-07-21
259,GS25S강남역2호점,8805915530633,19,2020-09-13,2020-09-17
260,GS25S강남역2호점,8801043900027,8,2020-09-13,2020-09-17
261,GS25S강남역2호점,8806003011362,24,2020-09-13,2020-09-17
262,GS25S강남역2호점,8809424480038,7,2020-09-13,2020-09-17
263,GS25S강남역2호점,8809027331324,17,2020-09-13,2020-09-17
264,GS25S강남역2호점,8802673003218,23,2020-09-13,2020-09-17
265,GS25S강남역2호점,8809068661077,32,2020-09-13,2020-09-17
266,GS25S강남역2호점,8801097250383,19,2020-09-13,2020-09-17
267,GS25S강남역2호점,8801382135418,3,2020-09-13,2020-09-17
268,GS25S강남역2호점,8809173200130,45,2020-09-13,2020-09-17
269,GS25S강남역2호점,8801097231016,20,2020-09-13,2020-09-17
270,GS25S강남역2호점,8802774003445,9,2020-09-13,2020-09-17
271,GS25S강남역2호점,8809027331492,40,2020-09-13,2020-09-17
272,GS25S강남역2호점,8809228150014,43,2020-09-13,2020-09-17
273,GS25S강남역2호점,8809082727537,36,2020-09-13,2020-09-17
274,GS25S강남역2호점,8809191574657,28,2020-09-13,2020-09-17
275,GS25S강남역2호점,8806001083026,14,2020-09-13,2020-09-17
276,GS25S강남역2호점,8804074100350,28,2020-09-13,2020-09-17
277,GS25S강남역2호점,8806020311919,14,2020-09-13,2020-09-17
278,GS25S강남역2호점,8809068661176,31,2020-09-13,2020-09-17
279,GS25S강남역2호점,8802774000987,17,2020-09-13,2020-09-17
280,GS25S강남역2호점,8809382930224,44,2020-09-13,2020-09-17
281,GS25S강남역2호점,8809027332932,42,2020-09-13,2020-09-17
282,GS25S강남역2호점,8809050511038,11,2020-09-13,2020-09-17
283,GS25S강남역2호점,8806002003900,27,2020-09-13,2020-09-17
284,GS25S강남역2호점,8806002010427,12,2020-09-13,2020-09-17
285,GS25S강남역2호점,8809125060232,31,2020-09-13,2020-09-17
286,GS25S강남역2호점,8809191574688,31,2020-09-13,2020-09-17
287,GS25S강남역2호점,8801382131014,1,2020-09-13,2020-09-17
288,GS25S강남역2호점,8801097178090,41,2020-09-13,2020-09-17
289,GS25S강남역2호점,8801056007163,14,2020-09-13,2020-09-17
290,GS25S강남역2호점,8806002004044,3,2020-09-13,2020-09-17
291,GS25S강남역2호점,8801382131014,19,2020-09-13,2020-09-17
292,GS25S강남역2호점,8809424480021,41,2020-09-13,2020-09-17
293,GS25S강남역2호점,8801056064747,31,2020-09-13,2020-09-17
294,GS25S강남역2호점,88004334,18,2020-09-13,2020-09-17
295,GS25S강남역2호점,8801056042196,10,2020-09-13,2020-09-17
296,GS25S강남역2호점,8801097850019,14,2020-09-13,2020-09-17
297,GS25S강남역2호점,8809057550023,27,2020-09-13,2020-09-17
298,GS25S강남역2호점,8801056051747,18,2020-09-13,2020-09-17
299,GS25S강남역2호점,8809397830007,21,2020-09-13,2020-09-17
300,GS25S강남역2호점,8801056065829,17,2020-09-13,2020-09-17
301,GS25S강남역2호점,8801097178021,26,2020-09-13,2020-09-17
302,GS25S강남역2호점,8805915530633,9,2020-09-13,2020-09-17
303,GS25S강남역2호점,8809125060232,30,2020-09-13,2020-09-17
304,GS25S강남역3호점,8809050511083,14,2020-02-19,2020-03-17
305,GS25S강남역3호점,8801382144823,6,2020-02-19,2020-03-17
306,GS25S강남역3호점,8809003432304,16,2020-02-19,2020-03-17
307,GS25S강남역3호점,8809057795523,10,2020-02-19,2020-03-17
308,GS25S강남역3호점,8809068661176,10,2020-02-19,2020-03-17
309,GS25S강남역3호점,8809423870007,15,2020-02-19,2020-03-17
310,GS25S강남역3호점,8802774006927,10,2020-02-19,2020-03-17
311,GS25S강남역3호점,8809423620022,7,2020-02-19,2020-03-17
312,GS25S강남역3호점,8801056051747,13,2020-02-19,2020-03-17
313,GS25S강남역3호점,8809027331744,11,2020-02-19,2020-03-17
314,GS25S강남역3호점,8809023001269,12,2020-02-19,2020-03-17
315,GS25S강남역3호점,8801056787127,1,2020-02-19,2020-03-17
316,GS25S강남역3호점,8802774000987,8,2020-02-19,2020-03-17
317,GS25S강남역3호점,8801056017583,5,2020-02-19,2020-03-17
318,GS25S강남역3호점,8809332392768,16,2020-02-19,2020-03-17
319,GS25S강남역3호점,8802673003232,7,2020-02-19,2020-03-17
320,GS25S9언주역점,8801097250053,11,2020-06-16,2020-08-10
321,GS25S9언주역점,8801382130383,1,2020-06-16,2020-08-10
322,GS25S9언주역점,8804342310108,9,2020-06-16,2020-08-10
323,GS25S9언주역점,8801056164011,13,2020-06-16,2020-08-10
324,GS25S9언주역점,8809382930200,21,2020-06-16,2020-08-10
325,GS25S9언주역점,8801382127284,9,2020-06-16,2020-08-10
326,GS25S9언주역점,8809173200130,4,2020-06-16,2020-08-10
327,GS25S9언주역점,8801097850019,10,2020-06-16,2020-08-10
328,GS25S9언주역점,8801056001858,14,2020-06-16,2020-08-10
329,GS25S9언주역점,8806002010977,7,2020-06-16,2020-08-10
330,GS25S9언주역점,8809423620046,2,2020-06-16,2020-08-10
331,GS25S9언주역점,8809082723379,19,2020-06-16,2020-08-10
332,GS25S9언주역점,8801056005719,7,2020-06-16,2020-08-10
333,GS25S9언주역점,8801094232702,18,2020-06-16,2020-08-10
334,GS25S9언주역점,8809050511083,11,2020-06-16,2020-08-10
335,GS25S9언주역점,8809191574664,6,2020-06-16,2020-08-10
336,GS25S9언주역점,8809135303640,24,2020-06-16,2020-08-10
337,GS25S9언주역점,8806020311353,22,2020-06-16,2020-08-10
338,GS25S9언주역점,8802673003225,20,2020-06-16,2020-08-10
339,GS25S9언주역점,8801056030649,8,2020-06-16,2020-08-10
340,GS25S9언주역점,8801094483005,11,2020-06-16,2020-08-10
341,GS25S9언주역점,8809027331492,23,2020-06-16,2020-08-10
342,GS25S9언주역점,8809003432304,9,2020-06-16,2020-08-10
343,GS25S9언주역점,8801056034740,16,2020-06-16,2020-08-10
344,GS25S9언주역점,8801056038861,1,2020-06-16,2020-08-10
345,GS25S9언주역점,8801382131014,20,2020-06-16,2020-08-10
346,GS25S강남구청역점,8809323750010,21,2020-09-12,2020-04-15
347,GS25S강남구청역점,8809027331713,16,2020-09-12,2020-04-15
348,GS25S강남구청역점,8801094502102,7,2020-09-12,2020-04-15
349,GS25S강남구청역점,8809023009340,5,2020-09-12,2020-04-15
350,GS25S강남구청역점,8809423620046,21,2020-09-12,2020-04-15
351,GS25S강남구청역점,8809191574688,10,2020-09-12,2020-04-15
352,GS25S강남구청역점,8801037037869,22,2020-09-12,2020-04-15
353,GS25S강남구청역점,8801097178038,15,2020-09-12,2020-04-15
354,GS25S강남구청역점,8801097618114,16,2020-09-12,2020-04-15
355,GS25S강남구청역점,8801043650199,5,2020-09-12,2020-04-15
356,GS25S강남구청역점,8809135303633,3,2020-09-12,2020-04-15
357,GS25S강남구청역점,8801056033026,4,2020-09-12,2020-04-15
358,GS25S강남구청역점,8801056065829,20,2020-09-12,2020-04-15
359,GS25S강남구청역점,8801382128038,13,2020-09-12,2020-04-15
360,GS25S강남구청역점,8801753100885,20,2020-09-12,2020-04-15
361,GS25S강남구청역점,8809068661169,5,2020-09-12,2020-04-15
362,GS25S강남구청역점,8809023009593,13,2020-09-12,2020-04-15
363,GS25S강남구청역점,8802673003201,18,2020-09-12,2020-04-15
364,GS25S강남구청역점,8809380760175,11,2020-09-12,2020-04-15
365,GS25S강남구청역점,8801056021062,16,2020-09-12,2020-04-15
366,GS25S강남구청역점,8804342387872,6,2020-09-12,2020-04-15
367,GS25S강남구청역점,8801056042219,3,2020-09-12,2020-04-15
368,GS25S강남역1호점,8801382137382,7,2020-02-17,2020-02-15
369,GS25S강남역1호점,8809027331317,27,2020-02-17,2020-02-15
370,GS25S강남역1호점,8809332392768,26,2020-02-17,2020-02-15
371,GS25S강남역1호점,8801056224158,28,2020-02-17,2020-02-15
372,GS25S강남역1호점,8801097250376,19,2020-02-17,2020-02-15
373,GS25S강남역1호점,8809397830014,8,2020-02-17,2020-02-15
374,GS25S강남역1호점,8804342387872,19,2020-02-17,2020-02-15
375,GS25S강남역1호점,8802673003225,12,2020-02-17,2020-02-15
376,GS25S강남역1호점,8809221607072,34,2020-02-17,2020-02-15
377,GS25S강남역1호점,8801056064747,36,2020-02-17,2020-02-15
378,GS25S강남역1호점,8801056755010,35,2020-02-17,2020-02-15
379,GS25S강남역1호점,8801097178090,15,2020-02-17,2020-02-15
380,GS25S강남역1호점,8801094602208,3,2020-02-17,2020-02-15
381,GS25S강남역1호점,8809382930248,26,2020-02-17,2020-02-15
382,GS25S강남역1호점,8801094483005,34,2020-02-17,2020-02-15
383,GS25S강남역1호점,8809050511090,28,2020-02-17,2020-02-15
384,GS25S강남역1호점,8802774003445,7,2020-02-17,2020-02-15
385,GS25S강남역1호점,8801056688011,28,2020-02-17,2020-02-15
386,GS25S강남역1호점,8809027331706,20,2020-02-17,2020-02-15
387,GS25S강남역1호점,8806002003931,18,2020-02-17,2020-02-15
388,GS25S강남역1호점,8809382930255,36,2020-02-17,2020-02-15
389,GS25S강남역1호점,8801382132455,10,2020-02-17,2020-02-15
390,GS25S강남역1호점,8809191574640,21,2020-02-17,2020-02-15
391,GS25S강남역1호점,8807920310347,3,2020-02-17,2020-02-15
392,GS25S강남역1호점,8801094503031,33,2020-02-17,2020-02-15
393,GS25S강남역1호점,8802673003256,13,2020-02-17,2020-02-15
394,GS25S강남역1호점,8801382127284,26,2020-02-17,2020-02-15
395,GS25S강남역1호점,8801382130802,26,2020-02-17,2020-02-15
396,GS25S강남역1호점,8802774000369,26,2020-02-17,2020-02-15
397,GS25S강남역1호점,8801382137382,18,2020-02-17,2020-02-15
398,GS25S강남역1호점,8801097178090,35,2020-02-17,2020-02-15
399,GS25S강남역1호점,8809110700051,24,2020-02-17,2020-02-15
400,GS25S강남역1호점,8809397830007,19,2020-02-17,2020-02-15
401,GS25S강남역1호점,8805915531012,36,2020-02-17,2020-02-15
402,GS25S강남역1호점,8809423620046,32,2020-02-17,2020-02-15
403,GS25S강남역1호점,880105665874,18,2020-02-17,2020-02-15
404,GS25S강남역2호점,8809057795509,7,2020-03-13,2020-08-16
405,GS25S강남역2호점,8801056032388,12,2020-03-13,2020-08-16
406,GS25S강남역2호점,8809191574664,22,2020-03-13,2020-08-16
407,GS25S강남역2호점,8805915530633,23,2020-03-13,2020-08-16
408,GS25S강남역2호점,8809173200130,17,2020-03-13,2020-08-16
409,GS25S강남역2호점,8801056688011,7,2020-03-13,2020-08-16
410,GS25S강남역2호점,8801056787127,9,2020-03-13,2020-08-16
411,GS25S강남역2호점,8806001084887,20,2020-03-13,2020-08-16
412,GS25S강남역2호점,8801056065805,4,2020-03-13,2020-08-16
413,GS25S강남역2호점,8801056487010,20,2020-03-13,2020-08-16
414,GS25S강남역2호점,8809027331492,4,2020-03-13,2020-08-16
415,GS25S강남역2호점,8809423870014,15,2020-03-13,2020-08-16
416,GS25S강남역2호점,8801056389017,3,2020-03-13,2020-08-16
417,GS25S강남역2호점,8801097150010,10,2020-03-13,2020-08-16
418,GS25S강남역2호점,8809003432328,14,2020-03-13,2020-08-16
419,GS25S강남역2호점,8801382134824,14,2020-03-13,2020-08-16
420,GS25S강남역2호점,8801382144823,9,2020-03-13,2020-08-16
421,GS25S강남역2호점,880105603886,9,2020-03-13,2020-08-16
422,GS25S강남역2호점,8809191574671,5,2020-03-13,2020-08-16
423,GS25S강남역2호점,8801043900027,11,2020-03-13,2020-08-16
424,GS25S강남역2호점,8809423620008,13,2020-03-13,2020-08-16
425,GS25S강남역2호점,8801056005237,4,2020-03-13,2020-08-16
426,GS25S강남역2호점,8801094603007,3,2020-03-13,2020-08-16
427,GS25S강남역3호점,8809323750010,5,2020-06-16,2020-01-14
428,GS25S강남역3호점,8801097250369,6,2020-06-16,2020-01-14
429,GS25S강남역3호점,8809023001269,6,2020-06-16,2020-01-14
430,GS25S강남역3호점,8809323750010,7,2020-06-16,2020-01-14
431,GS25S강남역3호점,8801382130659,4,2020-06-16,2020-01-14
432,GS25S강남역3호점,8809191574688,6,2020-06-16,2020-01-14
433,GS25S강남역3호점,8801094222703,2,2020-06-16,2020-01-14
434,GS25S강남역3호점,8809050511090,6,2020-06-16,2020-01-14
435,GS25S강남역3호점,8801056042196,9,2020-06-16,2020-01-14
436,GS25S강남역3호점,8801056164011,13,2020-06-16,2020-01-14
437,GS25S강남역3호점,8809397830014,11,2020-06-16,2020-01-14
438,GS25S강남역3호점,8809382930200,12,2020-06-16,2020-01-14
439,GS25S강남역3호점,8806430012802,13,2020-06-16,2020-01-14
440,GS25강남LH점,8801056024062,5,2020-03-13,2020-04-10
441,GS25강남LH점,8806001084542,3,2020-03-13,2020-04-10
442,GS25강남LH점,8801382137382,5,2020-03-13,2020-04-10
443,GS25강남LH점,8809082723386,6,2020-03-13,2020-04-10
444,GS25강남LH점,8801052727837,4,2020-03-13,2020-04-10
445,GS25강남LH점,8801037037869,5,2020-03-13,2020-04-10
446,GS25강남LH점,8801104500067,1,2020-03-13,2020-04-10
447,GS25강남LH점,8804342387872,2,2020-03-13,2020-04-10
448,GS25강남LH점,880105603886,8,2020-03-13,2020-04-10
449,GS25강남LH점,8801097250413,8,2020-03-13,2020-04-10
450,GS25강남LH점,8809135308157,3,2020-03-13,2020-04-10
451,GS25강남LH점,8804074100350,9,2020-03-13,2020-04-10
452,GS25강남LH점,8809003432328,11,2020-03-13,2020-04-10
453,GS25강남N타워점,8809080300060,9,2020-09-21,2020-06-10
454,GS25강남N타워점,8806003011522,14,2020-09-21,2020-06-10
455,GS25강남N타워점,8801382130820,16,2020-09-21,2020-06-10
456,GS25강남N타워점,8802774000369,26,2020-09-21,2020-06-10
457,GS25강남N타워점,8801043650199,3,2020-09-21,2020-06-10
458,GS25강남N타워점,8801056001285,19,2020-09-21,2020-06-10
459,GS25강남N타워점,8809397830021,25,2020-09-21,2020-06-10
460,GS25강남N타워점,8801094222703,18,2020-09-21,2020-06-10
461,GS25강남N타워점,8809125064124,11,2020-09-21,2020-06-10
462,GS25강남N타워점,8802673003263,5,2020-09-21,2020-06-10
463,GS25강남N타워점,8801382137405,31,2020-09-21,2020-06-10
464,GS25강남N타워점,8809023009340,1,2020-09-21,2020-06-10
465,GS25강남N타워점,8809397830014,26,2020-09-21,2020-06-10
466,GS25강남N타워점,8801056154066,22,2020-09-21,2020-06-10
467,GS25강남N타워점,8809125064124,29,2020-09-21,2020-06-10
468,GS25강남N타워점,8801056054984,26,2020-09-21,2020-06-10
469,GS25강남N타워점,8801097130036,3,2020-09-21,2020-06-10
470,GS25강남N타워점,8801056051747,12,2020-09-21,2020-06-10
471,GS25강남N타워점,8801056054984,22,2020-09-21,2020-06-10
472,GS25강남N타워점,8801056233013,8,2020-09-21,2020-06-10
473,GS25강남N타워점,8809332391303,18,2020-09-21,2020-06-10
474,GS25강남N타워점,8806430012819,32,2020-09-21,2020-06-10
475,GS25강남N타워점,8809057550023,24,2020-09-21,2020-06-10
476,GS25강남N타워점,8801056038649,22,2020-09-21,2020-06-10
477,GS25강남N타워점,8801382137382,20,2020-09-21,2020-06-10
478,GS25강남N타워점,8809191574657,29,2020-09-21,2020-06-10
479,GS25강남N타워점,8801056054984,11,2020-09-21,2020-06-10
480,GS25강남N타워점,8809228150014,2,2020-09-21,2020-06-10
481,GS25강남N타워점,8801056030649,7,2020-09-21,2020-06-10
482,GS25강남N타워점,8801056005672,29,2020-09-21,2020-06-10
483,GS25강남N타워점,8801056924011,28,2020-09-21,2020-06-10
484,GS25강남N타워점,8801056005237,6,2020-09-21,2020-06-10
485,GS25강남YBM점,8809110700044,10,2020-04-14,2020-05-16
486,GS25강남YBM점,880105603886,3,2020-04-14,2020-05-16
487,GS25강남YBM점,8801056021062,8,2020-04-14,2020-05-16
488,GS25강남YBM점,8801056233013,11,2020-04-14,2020-05-16
489,GS25강남YBM점,8806001084894,9,2020-04-14,2020-05-16
490,GS25강남YBM점,8801097250053,8,2020-04-14,2020-05-16
491,GS25강남YBM점,8801097178090,14,2020-04-14,2020-05-16
492,GS25강남YBM점,8801056005672,7,2020-04-14,2020-05-16
493,GS25강남YBM점,8801382134824,12,2020-04-14,2020-05-16
494,GS25강남YBM점,8802673003362,5,2020-04-14,2020-05-16
495,GS25강남YBM점,8803284605464,4,2020-04-14,2020-05-16
496,GS25강남YBM점,8801094503000,8,2020-04-14,2020-05-16
497,GS25강남YBM점,8801382135418,1,2020-04-14,2020-05-16
498,GS25강남YBM점,8809135303640,13,2020-04-14,2020-05-16
499,GS25강남YBM점,8801056058227,2,2020-04-14,2020-05-16
500,GS25강남개포점,8801056036775,22,2020-04-16,2020-03-14
501,GS25강남개포점,8804342387872,8,2020-04-16,2020-03-14
502,GS25강남개포점,8801382138686,23,2020-04-16,2020-03-14
503,GS25강남개포점,8801382144823,26,2020-04-16,2020-03-14
504,GS25강남개포점,8801097250279,22,2020-04-16,2020-03-14
505,GS25강남개포점,8801056003364,18,2020-04-16,2020-03-14
506,GS25강남개포점,8809221606204,8,2020-04-16,2020-03-14
507,GS25강남개포점,8801056006297,31,2020-04-16,2020-03-14
508,GS25강남개포점,8809050511144,30,2020-04-16,2020-03-14
509,GS25강남개포점,8809023001269,36,2020-04-16,2020-03-14
510,GS25강남개포점,8801056298012,9,2020-04-16,2020-03-14
511,GS25강남개포점,8809057795509,28,2020-04-16,2020-03-14
512,GS25강남개포점,8801094483005,10,2020-04-16,2020-03-14
513,GS25강남개포점,8806020310530,6,2020-04-16,2020-03-14
514,GS25강남개포점,8809380760175,22,2020-04-16,2020-03-14
515,GS25강남개포점,8801056005672,13,2020-04-16,2020-03-14
516,GS25강남개포점,8801382144823,28,2020-04-16,2020-03-14
517,GS25강남개포점,8809027331492,34,2020-04-16,2020-03-14
518,GS25강남개포점,8809050511038,29,2020-04-16,2020-03-14
519,GS25강남개포점,8801056005719,33,2020-04-16,2020-03-14
520,GS25강남개포점,8801056924011,14,2020-04-16,2020-03-14
521,GS25강남개포점,8809423870014,21,2020-04-16,2020-03-14
522,GS25강남개포점,8801382130659,32,2020-04-16,2020-03-14
523,GS25강남개포점,8806002002894,8,2020-04-16,2020-03-14
524,GS25강남개포점,8809057550023,36,2020-04-16,2020-03-14
525,GS25강남개포점,8801382134749,36,2020-04-16,2020-03-14
526,GS25강남개포점,8809323750027,36,2020-04-16,2020-03-14
527,GS25강남개포점,8802774006927,5,2020-04-16,2020-03-14
528,GS25강남개포점,8809023001269,34,2020-04-16,2020-03-14
529,GS25강남개포점,8801056024062,5,2020-04-16,2020-03-14
530,GS25강남개포점,880105603886,23,2020-04-16,2020-03-14
531,GS25강남개포점,8806020310530,20,2020-04-16,2020-03-14
532,GS25강남개포점,8809423620015,13,2020-04-16,2020-03-14
533,GS25강남개포점,8801094563004,20,2020-04-16,2020-03-14
534,GS25강남개포점,8801056224158,36,2020-04-16,2020-03-14
535,GS25강남개포점,8801746672443,37,2020-04-16,2020-03-14
536,GS25강남개포점,8806001084542,13,2020-04-16,2020-03-14
537,GS25강남개포점,8806002003023,22,2020-04-16,2020-03-14
538,GS25강남갤러리점,8809382930217,4,2020-05-19,2020-06-20
539,GS25강남갤러리점,8803284605532,1,2020-05-19,2020-06-20
540,GS25강남갤러리점,8801052727851,2,2020-05-19,2020-06-20
541,GS25강남갤러리점,8801056032388,2,2020-05-19,2020-06-20
542,GS25강남갤러리점,8801382135418,2,2020-05-19,2020-06-20
543,GS25강남갤러리점,8809228158898,6,2020-05-19,2020-06-20
544,GS25강남나누리점,8802673003249,27,2020-05-21,2020-03-12
545,GS25강남나누리점,8801056001858,20,2020-05-21,2020-03-12
546,GS25강남나누리점,8802774000369,1,2020-05-21,2020-03-12
547,GS25강남나누리점,8801056389123,2,2020-05-21,2020-03-12
548,GS25강남나누리점,8801382134824,17,2020-05-21,2020-03-12
549,GS25강남나누리점,8804342398984,5,2020-05-21,2020-03-12
550,GS25강남나누리점,8809082723379,40,2020-05-21,2020-03-12
551,GS25강남나누리점,8809003432304,15,2020-05-21,2020-03-12
552,GS25강남나누리점,8806020311919,6,2020-05-21,2020-03-12
553,GS25강남나누리점,8809423620008,1,2020-05-21,2020-03-12
554,GS25강남나누리점,8809424480021,19,2020-05-21,2020-03-12
555,GS25강남나누리점,8806002003023,17,2020-05-21,2020-03-12
556,GS25강남나누리점,8809382930217,16,2020-05-21,2020-03-12
557,GS25강남나누리점,8809027331317,2,2020-05-21,2020-03-12
558,GS25강남나누리점,8804342387872,16,2020-05-21,2020-03-12
559,GS25강남나누리점,8809173200123,10,2020-05-21,2020-03-12
560,GS25강남나누리점,8809191574671,26,2020-05-21,2020-03-12
561,GS25강남나누리점,8801094503901,28,2020-05-21,2020-03-12
562,GS25강남나누리점,8801094502102,22,2020-05-21,2020-03-12
563,GS25강남나누리점,8809173200130,27,2020-05-21,2020-03-12
564,GS25강남나누리점,8809382930200,24,2020-05-21,2020-03-12
565,GS25강남나누리점,8806002010441,30,2020-05-21,2020-03-12
566,GS25강남나누리점,8802673003201,18,2020-05-21,2020-03-12
567,GS25강남나누리점,8806002003931,6,2020-05-21,2020-03-12
568,GS25강남나누리점,8801097178090,3,2020-05-21,2020-03-12
569,GS25강남나누리점,8802774001014,32,2020-05-21,2020-03-12
570,GS25강남나누리점,8801056042219,20,2020-05-21,2020-03-12
571,GS25강남나누리점,8809057550023,9,2020-05-21,2020-03-12
572,GS25강남나누리점,8807920310347,25,2020-05-21,2020-03-12
573,GS25강남나누리점,8801056007163,7,2020-05-21,2020-03-12
574,GS25강남나누리점,8801094223038,12,2020-05-21,2020-03-12
575,GS25강남나누리점,8801382134848,18,2020-05-21,2020-03-12
576,GS25강남나누리점,8809323750065,20,2020-05-21,2020-03-12
577,GS25강남나누리점,8801097178090,32,2020-05-21,2020-03-12
578,GS25강남나누리점,8809228158881,32,2020-05-21,2020-03-12
579,GS25강남나누리점,8801056015107,10,2020-05-21,2020-03-12
580,GS25강남나누리점,8801056714017,18,2020-05-21,2020-03-12
581,GS25강남나누리점,8801097250413,34,2020-05-21,2020-03-12
582,GS25강남나누리점,8809332391303,27,2020-05-21,2020-03-12
583,GS25강남나누리점,8809027331317,24,2020-05-21,2020-03-12
584,GS25강남대치점,8801056065829,8,2020-04-15,2020-04-19
585,GS25강남대치점,8801056009731,7,2020-04-15,2020-04-19
586,GS25강남대치점,8809068661176,11,2020-04-15,2020-04-19
587,GS25강남대치점,8804342343434,2,2020-04-15,2020-04-19
588,GS25강남대치점,8809409910123,3,2020-04-15,2020-04-19
589,GS25강남대치점,8801094503505,6,2020-04-15,2020-04-19
590,GS25강남대치점,880105665874,4,2020-04-15,2020-04-19
591,GS25강남대치점,8801094222406,7,2020-04-15,2020-04-19
592,GS25강남대치점,8801056033026,8,2020-04-15,2020-04-19
593,GS25강남대치점,8801056688127,9,2020-04-15,2020-04-19
594,GS25강남대치점,8809080300060,6,2020-04-15,2020-04-19
595,GS25강남동원점,8809040935110,4,2020-03-15,2020-03-10
596,GS25강남동원점,8801052727851,6,2020-03-15,2020-03-10
597,GS25강남동원점,8801056024017,3,2020-03-15,2020-03-10
598,GS25강남동원점,8806001083767,4,2020-03-15,2020-03-10
599,GS25강남동원점,8802673003249,4,2020-03-15,2020-03-10
600,GS25강남동원점,8801056033026,8,2020-03-15,2020-03-10
601,GS25강남동원점,8801056065805,4,2020-03-15,2020-03-10
602,GS25강남동원점,8801094473006,2,2020-03-15,2020-03-10
603,GS25강남동원점,8801382139072,5,2020-03-15,2020-03-10
604,GS25강남동원점,8809106188092,3,2020-03-15,2020-03-10
605,GS25강남드림하이점,8801097178038,2,2020-01-15,2020-07-19
606,GS25강남드림하이점,8809068661176,2,2020-01-15,2020-07-19
607,GS25강남드림하이점,8809125060225,1,2020-01-15,2020-07-19
608,GS25강남로데오점,8801056054984,20,2020-02-19,2020-02-12
609,GS25강남로데오점,8801056007163,20,2020-02-19,2020-02-12
610,GS25강남로데오점,8801056003364,7,2020-02-19,2020-02-12
611,GS25강남로데오점,8801382130659,20,2020-02-19,2020-02-12
612,GS25강남로데오점,8806001083767,12,2020-02-19,2020-02-12
613,GS25강남로데오점,8802774003445,12,2020-02-19,2020-02-12
614,GS25강남로데오점,8801056001858,9,2020-02-19,2020-02-12
615,GS25강남로데오점,8801052727851,18,2020-02-19,2020-02-12
616,GS25강남로데오점,8801097231016,17,2020-02-19,2020-02-12
617,GS25강남로데오점,8802774006927,21,2020-02-19,2020-02-12
618,GS25강남로데오점,8809382930217,4,2020-02-19,2020-02-12
619,GS25강남로데오점,8803284607659,20,2020-02-19,2020-02-12
620,GS25강남로데오점,8801094232702,18,2020-02-19,2020-02-12
621,GS25강남로데오점,8809023009340,2,2020-02-19,2020-02-12
622,GS25강남로데오점,8809082727520,19,2020-02-19,2020-02-12
623,GS25강남로데오점,8801382132455,21,2020-02-19,2020-02-12
624,GS25강남로데오점,8801056022112,21,2020-02-19,2020-02-12
625,GS25강남로데오점,8809050511144,16,2020-02-19,2020-02-12
626,GS25강남로데오점,8801056714017,5,2020-02-19,2020-02-12
627,GS25강남로데오점,8801097618114,21,2020-02-19,2020-02-12
628,GS25강남로데오점,8809382930248,5,2020-02-19,2020-02-12
629,GS25강남리츠칼튼점,8801056038861,5,2020-06-20,2020-05-20
630,GS25강남리츠칼튼점,8809003432328,4,2020-06-20,2020-05-20
631,GS25강남리츠칼튼점,8809424480021,1,2020-06-20,2020-05-20
632,GS25강남리츠칼튼점,8801382135418,5,2020-06-20,2020-05-20
633,GS25강남리츠칼튼점,8802673003218,4,2020-06-20,2020-05-20
634,GS25강남리츠칼튼점,8801056389017,6,2020-06-20,2020-05-20
635,GS25강남메트로점,8801382130820,5,2020-04-16,2020-04-17
636,GS25강남메트로점,8801094603007,7,2020-04-16,2020-04-17
637,GS25강남메트로점,8801094503031,2,2020-04-16,2020-04-17
638,GS25강남메트로점,8801746672443,5,2020-04-16,2020-04-17
639,GS25강남메트로점,8809221607072,34,2020-04-16,2020-04-17
640,GS25강남메트로점,8809080300039,27,2020-04-16,2020-04-17
641,GS25강남메트로점,8806002003931,20,2020-04-16,2020-04-17
642,GS25강남메트로점,8801104500067,12,2020-04-16,2020-04-17
643,GS25강남메트로점,8809082723386,24,2020-04-16,2020-04-17
644,GS25강남메트로점,8809332391303,9,2020-04-16,2020-04-17
645,GS25강남메트로점,8809382930255,24,2020-04-16,2020-04-17
646,GS25강남메트로점,8801056009731,19,2020-04-16,2020-04-17
647,GS25강남메트로점,8801753100892,22,2020-04-16,2020-04-17
648,GS25강남메트로점,8806001084894,1,2020-04-16,2020-04-17
649,GS25강남메트로점,8809023001269,16,2020-04-16,2020-04-17
650,GS25강남메트로점,8809027331706,9,2020-04-16,2020-04-17
651,GS25강남메트로점,8806002003023,21,2020-04-16,2020-04-17
652,GS25강남메트로점,8801382130802,33,2020-04-16,2020-04-17
653,GS25강남메트로점,8809045670115,18,2020-04-16,2020-04-17
654,GS25강남메트로점,8809003432328,8,2020-04-16,2020-04-17
655,GS25강남메트로점,8806001083798,12,2020-04-16,2020-04-17
656,GS25강남메트로점,8801382130820,11,2020-04-16,2020-04-17
657,GS25강남메트로점,8806003011362,20,2020-04-16,2020-04-17
658,GS25강남메트로점,8806002010977,5,2020-04-16,2020-04-17
659,GS25강남메트로점,8809050511144,9,2020-04-16,2020-04-17
660,GS25강남메트로점,8801056487010,6,2020-04-16,2020-04-17
661,GS25강남메트로점,8809191574657,19,2020-04-16,2020-04-17
662,GS25강남메트로점,8809082727513,30,2020-04-16,2020-04-17
663,GS25강남메트로점,8809228158881,7,2020-04-16,2020-04-17
664,GS25강남메트로점,8802673003263,10,2020-04-16,2020-04-17
665,GS25강남메트로점,8809125060225,19,2020-04-16,2020-04-17
666,GS25강남메트로점,8801097178090,7,2020-04-16,2020-04-17
667,GS25강남메트로점,8806002003931,11,2020-04-16,2020-04-17
668,GS25강남메트로점,8801382127284,10,2020-04-16,2020-04-17
669,GS25강남본점,8802673003225,4,2020-07-10,2020-06-10
670,GS25강남본점,8801097250413,6,2020-07-10,2020-06-10
671,GS25강남본점,8801056064761,6,2020-07-10,2020-06-10
672,GS25강남본점,8801037018646,4,2020-07-10,2020-06-10
673,GS25강남본점,8809082727520,6,2020-07-10,2020-06-10
674,GS25강남본점,8801056233013,6,2020-07-10,2020-06-10
675,GS25강남본점,8809253640177,7,2020-07-10,2020-06-10
676,GS25강남본점,880105603886,7,2020-07-10,2020-06-10
677,GS25강남사랑점,8809125060850,19,2020-04-17,2020-01-18
678,GS25강남사랑점,8806002004044,6,2020-04-17,2020-01-18
679,GS25강남사랑점,8806002010670,13,2020-04-17,2020-01-18
680,GS25강남사랑점,8809023009593,33,2020-04-17,2020-01-18
681,GS25강남사랑점,8801037037869,30,2020-04-17,2020-01-18
682,GS25강남사랑점,8801382137405,6,2020-04-17,2020-01-18
683,GS25강남사랑점,8809191574688,1,2020-04-17,2020-01-18
684,GS25강남사랑점,8809082727520,4,2020-04-17,2020-01-18
685,GS25강남사랑점,8801056005672,6,2020-04-17,2020-01-18
686,GS25강남사랑점,8806430012819,5,2020-04-17,2020-01-18
687,GS25강남사랑점,8801097178090,20,2020-04-17,2020-01-18
688,GS25강남사랑점,8809423620046,35,2020-04-17,2020-01-18
689,GS25강남사랑점,8809173200130,31,2020-04-17,2020-01-18
690,GS25강남사랑점,8809423620008,17,2020-04-17,2020-01-18
691,GS25강남사랑점,8802673003263,13,2020-04-17,2020-01-18
692,GS25강남사랑점,8809082727520,41,2020-04-17,2020-01-18
693,GS25강남사랑점,8802673003362,15,2020-04-17,2020-01-18
694,GS25강남사랑점,8801052727837,42,2020-04-17,2020-01-18
695,GS25강남사랑점,8809027331744,15,2020-04-17,2020-01-18
696,GS25강남사랑점,8809382930248,20,2020-04-17,2020-01-18
697,GS25강남사랑점,8803284605532,27,2020-04-17,2020-01-18
698,GS25강남사랑점,8801094503000,17,2020-04-17,2020-01-18
699,GS25강남사랑점,8801382135418,35,2020-04-17,2020-01-18
700,GS25강남사랑점,8803284607659,34,2020-04-17,2020-01-18
701,GS25강남사랑점,8809424480038,12,2020-04-17,2020-01-18
702,GS25강남사랑점,8806002004044,31,2020-04-17,2020-01-18
703,GS25강남사랑점,8801097250279,30,2020-04-17,2020-01-18
704,GS25강남사랑점,8809382930231,32,2020-04-17,2020-01-18
705,GS25강남사랑점,8801094503901,22,2020-04-17,2020-01-18
706,GS25강남사랑점,8801037037869,4,2020-04-17,2020-01-18
707,GS25강남사랑점,8801056154066,16,2020-04-17,2020-01-18
708,GS25강남사랑점,8802673003256,16,2020-04-17,2020-01-18
709,GS25강남사랑점,8806002000794,1,2020-04-17,2020-01-18
710,GS25강남사랑점,8806002004044,40,2020-04-17,2020-01-18
711,GS25강남사랑점,8801753100885,40,2020-04-17,2020-01-18
712,GS25강남사랑점,8809027331317,5,2020-04-17,2020-01-18
713,GS25강남사랑점,8806001084894,30,2020-04-17,2020-01-18
714,GS25강남사랑점,8801382134749,37,2020-04-17,2020-01-18
715,GS25강남사랑점,8802673003256,3,2020-04-17,2020-01-18
716,GS25강남사랑점,8802673003263,19,2020-04-17,2020-01-18
717,GS25강남사랑점,8809423620022,19,2020-04-17,2020-01-18
718,GS25강남사랑점,8804342343434,35,2020-04-17,2020-01-18
719,GS25강남상록회관점,8801094502102,1,2020-09-14,2020-06-18
720,GS25강남상록회관점,8801056009731,6,2020-09-14,2020-06-18
721,GS25강남상록회관점,8801382127567,8,2020-09-14,2020-06-18
722,GS25강남상록회관점,8801094503031,4,2020-09-14,2020-06-18
723,GS25강남상록회관점,8801056924011,4,2020-09-14,2020-06-18
724,GS25강남상록회관점,8801037037852,6,2020-09-14,2020-06-18
725,GS25강남상록회관점,8805915531036,5,2020-09-14,2020-06-18
726,GS25강남상록회관점,8806002003023,8,2020-09-14,2020-06-18
727,GS25강남세곡점,8801097130012,8,2020-02-19,2020-06-20
728,GS25강남세곡점,8801382128038,15,2020-02-19,2020-06-20
729,GS25강남세곡점,8801097250079,8,2020-02-19,2020-06-20
730,GS25강남세곡점,8809003432304,18,2020-02-19,2020-06-20
731,GS25강남세곡점,8801056224158,22,2020-02-19,2020-06-20
732,GS25강남세곡점,8806002003030,14,2020-02-19,2020-06-20
733,GS25강남세곡점,88004334,16,2020-02-19,2020-06-20
734,GS25강남세곡점,8809423620046,9,2020-02-19,2020-06-20
735,GS25강남세곡점,8809424480021,25,2020-02-19,2020-06-20
736,GS25강남세곡점,8802774000987,11,2020-02-19,2020-06-20
737,GS25강남세곡점,8809221607072,25,2020-02-19,2020-06-20
738,GS25강남세곡점,8809023003379,23,2020-02-19,2020-06-20
739,GS25강남세곡점,8801094223038,8,2020-02-19,2020-06-20
740,GS25강남세곡점,8801382137382,7,2020-02-19,2020-06-20
741,GS25강남세곡점,8801056005672,2,2020-02-19,2020-06-20
742,GS25강남세곡점,8806001083798,9,2020-02-19,2020-06-20
743,GS25강남세곡점,8801382128694,8,2020-02-19,2020-06-20
744,GS25강남세곡점,8801056006259,21,2020-02-19,2020-06-20
745,GS25강남세곡점,8809228150014,23,2020-02-19,2020-06-20
746,GS25강남세곡점,8801382130840,7,2020-02-19,2020-06-20
747,GS25강남세곡점,8809332392768,8,2020-02-19,2020-06-20
748,GS25강남세곡점,8801056798017,22,2020-02-19,2020-06-20
749,GS25강남세곡점,8809068661169,21,2020-02-19,2020-06-20
750,GS25강남세곡점,8809082723386,1,2020-02-19,2020-06-20
751,GS25강남세곡점,8809397830007,21,2020-02-19,2020-06-20
752,GS25강남쉐르빌점,8801097250383,7,2020-05-14,2020-05-20
753,GS25강남쉐르빌점,8809228150014,7,2020-05-14,2020-05-20
754,GS25강남쉐르빌점,8801382138686,6,2020-05-14,2020-05-20
755,GS25강남쉐르빌점,8801056924011,3,2020-05-14,2020-05-20
756,GS25강남쉐르빌점,8802774001014,5,2020-05-14,2020-05-20
757,GS25강남쉐르빌점,8801056032388,2,2020-05-14,2020-05-20
758,GS25강남쉐르빌점,8801094502102,4,2020-05-14,2020-05-20
759,GS25강남쉐르빌점,8809003432304,4,2020-05-14,2020-05-20
760,GS25강남시티힐점,8809253640177,2,2020-07-16,2020-06-15
761,GS25강남시티힐점,8801097131019,13,2020-07-16,2020-06-15
762,GS25강남시티힐점,8809023003379,5,2020-07-16,2020-06-15
763,GS25강남시티힐점,8805915531012,5,2020-07-16,2020-06-15
764,GS25강남시티힐점,8809380760175,5,2020-07-16,2020-06-15
765,GS25강남시티힐점,8801056036775,8,2020-07-16,2020-06-15
766,GS25강남시티힐점,8809068661077,2,2020-07-16,2020-06-15
767,GS25강남시티힐점,8806430012802,10,2020-07-16,2020-06-15
768,GS25강남시티힐점,8801094503000,2,2020-07-16,2020-06-15
769,GS25강남시티힐점,8809080300060,11,2020-07-16,2020-06-15
770,GS25강남시티힐점,8809423620015,6,2020-07-16,2020-06-15
771,GS25강남시티힐점,8801382135418,6,2020-07-16,2020-06-15
772,GS25강남시티힐점,8801094603007,2,2020-07-16,2020-06-15
773,GS25강남시티힐점,8801056034740,8,2020-07-16,2020-06-15
774,GS25강남신사점,8802673003362,4,2020-09-13,2020-07-13
775,GS25강남신사점,8809191574664,3,2020-09-13,2020-07-13
776,GS25강남신사점,8809057795523,3,2020-09-13,2020-07-13
777,GS25강남신사점,8801056688011,3,2020-09-13,2020-07-13
778,GS25강남신사점,8803284605532,25,2020-09-13,2020-07-13
779,GS25강남신사점,8809409910154,17,2020-09-13,2020-07-13
780,GS25강남신사점,8801056042196,15,2020-09-13,2020-07-13
781,GS25강남신사점,8804074100350,14,2020-09-13,2020-07-13
782,GS25강남신사점,8809106188092,3,2020-09-13,2020-07-13
783,GS25강남신사점,8801056021062,5,2020-09-13,2020-07-13
784,GS25강남신사점,8804342343434,14,2020-09-13,2020-07-13
785,GS25강남신사점,8801056021062,16,2020-09-13,2020-07-13
786,GS25강남신사점,8801753100892,21,2020-09-13,2020-07-13
787,GS25강남신사점,8801056034740,13,2020-09-13,2020-07-13
788,GS25강남신사점,8809382930248,28,2020-09-13,2020-07-13
789,GS25강남신사점,8806002010571,12,2020-09-13,2020-07-13
790,GS25강남신사점,8801056224011,16,2020-09-13,2020-07-13
791,GS25강남신사점,8806002002894,3,2020-09-13,2020-07-13
792,GS25강남신사점,8801382130826,11,2020-09-13,2020-07-13
793,GS25강남신사점,8801094483005,6,2020-09-13,2020-07-13
794,GS25강남신사점,8801056038861,14,2020-09-13,2020-07-13
795,GS25강남신사점,8806001083798,8,2020-09-13,2020-07-13
796,GS25강남신사점,8801382131014,12,2020-09-13,2020-07-13
797,GS25강남신사점,8804342310108,11,2020-09-13,2020-07-13
798,GS25강남신사점,8809080300039,4,2020-09-13,2020-07-13
799,GS25강남신사점,8804342343434,13,2020-09-13,2020-07-13
800,GS25강남신사점,8801094473006,14,2020-09-13,2020-07-13
801,GS25강남신사점,8801097850019,20,2020-09-13,2020-07-13
802,GS25강남신사점,8809135303633,5,2020-09-13,2020-07-13
803,GS25강남쌍용점,8801382130826,8,2020-03-16,2020-06-19
804,GS25강남쌍용점,8806020310530,7,2020-03-16,2020-06-19
805,GS25강남쌍용점,8801097250279,5,2020-03-16,2020-06-19
806,GS25강남쌍용점,8801097250413,9,2020-03-16,2020-06-19
807,GS25강남쌍용점,8809023001269,4,2020-03-16,2020-06-19
808,GS25강남쌍용점,8809080300039,1,2020-03-16,2020-06-19
809,GS25강남쌍용점,8809423870007,6,2020-03-16,2020-06-19
810,GS25강남쌍용점,8806001085020,2,2020-03-16,2020-06-19
811,GS25강남쌍용점,8801056233013,5,2020-03-16,2020-06-19
812,GS25강남아트점,8801382134824,28,2020-08-12,2020-06-13
813,GS25강남아트점,8801056042226,19,2020-08-12,2020-06-13
814,GS25강남아트점,8806020311353,18,2020-08-12,2020-06-13
815,GS25강남아트점,8809027331492,3,2020-08-12,2020-06-13
816,GS25강남아트점,8809023009593,24,2020-08-12,2020-06-13
817,GS25강남아트점,8801097130012,2,2020-08-12,2020-06-13
818,GS25강남아트점,8801056164011,10,2020-08-12,2020-06-13
819,GS25강남아트점,8809068661152,18,2020-08-12,2020-06-13
820,GS25강남아트점,8804342387872,6,2020-08-12,2020-06-13
821,GS25강남아트점,8806002010465,6,2020-08-12,2020-06-13
822,GS25강남아트점,8801382137382,4,2020-08-12,2020-06-13
823,GS25강남아트점,8801056688011,28,2020-08-12,2020-06-13
824,GS25강남아트점,8801056017644,25,2020-08-12,2020-06-13
825,GS25강남아트점,8809228158898,28,2020-08-12,2020-06-13
826,GS25강남아트점,8809027331744,5,2020-08-12,2020-06-13
827,GS25강남아트점,8802673003355,6,2020-08-12,2020-06-13
828,GS25강남아트점,8801382128694,31,2020-08-12,2020-06-13
829,GS25강남아트점,8801104500067,22,2020-08-12,2020-06-13
830,GS25강남아트점,8801097178021,24,2020-08-12,2020-06-13
831,GS25강남아트점,8801056001841,10,2020-08-12,2020-06-13
832,GS25강남아트점,8809068661152,9,2020-08-12,2020-06-13
833,GS25강남아트점,8801382130840,19,2020-08-12,2020-06-13
834,GS25강남아트점,8802774000369,21,2020-08-12,2020-06-13
835,GS25강남아트점,8801056065768,21,2020-08-12,2020-06-13
836,GS25강남아트점,8801056798017,7,2020-08-12,2020-06-13
837,GS25강남아트점,8803284607659,9,2020-08-12,2020-06-13
838,GS25강남아트점,8809106188092,29,2020-08-12,2020-06-13
839,GS25강남아트점,8801094602208,21,2020-08-12,2020-06-13
840,GS25강남아트점,8801056001841,28,2020-08-12,2020-06-13
841,GS25강남아트점,8809221607072,26,2020-08-12,2020-06-13
842,GS25강남아트점,8809382930224,11,2020-08-12,2020-06-13
843,GS25강남에이스타워점,8807920310347,16,2020-09-17,2020-02-18
844,GS25강남에이스타워점,880105603886,16,2020-09-17,2020-02-18
845,GS25강남에이스타워점,8804342387872,3,2020-09-17,2020-02-18
846,GS25강남에이스타워점,8809323750027,19,2020-09-17,2020-02-18
847,GS25강남에이스타워점,88004334,24,2020-09-17,2020-02-18
848,GS25강남에이스타워점,8801037037869,25,2020-09-17,2020-02-18
849,GS25강남에이스타워점,8801056007163,9,2020-09-17,2020-02-18
850,GS25강남에이스타워점,8801094602406,18,2020-09-17,2020-02-18
851,GS25강남에이스타워점,8801097850019,24,2020-09-17,2020-02-18
852,GS25강남에이스타워점,8801056001285,8,2020-09-17,2020-02-18
853,GS25강남에이스타워점,8802673003232,22,2020-09-17,2020-02-18
854,GS25강남에이스타워점,8802673003317,25,2020-09-17,2020-02-18
855,GS25강남에이스타워점,8809191574657,22,2020-09-17,2020-02-18
856,GS25강남에이스타워점,8801094482602,19,2020-09-17,2020-02-18
857,GS25강남에이스타워점,8809082727537,3,2020-09-17,2020-02-18
858,GS25강남에이스타워점,8801056154066,25,2020-09-17,2020-02-18
859,GS25강남에이스타워점,8809080300060,7,2020-09-17,2020-02-18
860,GS25강남에이스타워점,8801753100885,17,2020-09-17,2020-02-18
861,GS25강남에이스타워점,8801056389123,21,2020-09-17,2020-02-18
862,GS25강남에이스타워점,8809027331744,14,2020-09-17,2020-02-18
863,GS25강남에이스타워점,8801382130840,2,2020-09-17,2020-02-18
864,GS25강남에이스타워점,8805915531036,18,2020-09-17,2020-02-18
865,GS25강남에이스타워점,8809423620039,4,2020-09-17,2020-02-18
866,GS25강남에이스타워점,8801094502102,31,2020-09-17,2020-02-18
867,GS25강남에이스타워점,8801094602406,18,2020-09-17,2020-02-18
868,GS25강남에이스타워점,8809135303633,18,2020-09-17,2020-02-18
869,GS25강남에이스타워점,8801056224158,3,2020-09-17,2020-02-18
870,GS25강남에이스타워점,8809027331744,12,2020-09-17,2020-02-18
871,GS25강남에이스타워점,8801056051747,8,2020-09-17,2020-02-18
872,GS25강남에이스타워점,8809082727513,7,2020-09-17,2020-02-18
873,GS25강남에이스타워점,8806002010670,27,2020-09-17,2020-02-18
874,GS25강남엘지점,8801037037869,14,2020-02-15,2020-09-16
875,GS25강남엘지점,8809173200130,3,2020-02-15,2020-09-16
876,GS25강남엘지점,8809191574664,9,2020-02-15,2020-09-16
877,GS25강남엘지점,8801097130036,17,2020-02-15,2020-09-16
878,GS25강남엘지점,8801382127284,5,2020-02-15,2020-09-16
879,GS25강남엘지점,8809332391303,16,2020-02-15,2020-09-16
880,GS25강남엘지점,8801043650700,2,2020-02-15,2020-09-16
881,GS25강남엘지점,8805915531036,12,2020-02-15,2020-09-16
882,GS25강남엘지점,8801382135418,11,2020-02-15,2020-09-16
883,GS25강남엘지점,8801104290357,10,2020-02-15,2020-09-16
884,GS25강남엘지점,8809003432304,14,2020-02-15,2020-09-16
885,GS25강남엘지점,8809106188092,11,2020-02-15,2020-09-16
886,GS25강남엘지점,8809040935110,17,2020-02-15,2020-09-16
887,GS25강남엘지점,8809068661077,9,2020-02-15,2020-09-16
888,GS25강남엘지점,8806001083026,10,2020-02-15,2020-09-16
889,GS25강남엘지점,8809323750027,16,2020-02-15,2020-09-16
890,GS25강남엘지점,8809382930200,8,2020-02-15,2020-09-16
891,GS25강남역삼점,8801056033026,6,2020-04-15,2020-03-20
892,GS25강남역삼점,8809409910154,36,2020-04-15,2020-03-20
893,GS25강남역삼점,8801094473006,35,2020-04-15,2020-03-20
894,GS25강남역삼점,8801094223007,37,2020-04-15,2020-03-20
895,GS25강남역삼점,8809082727513,44,2020-04-15,2020-03-20
896,GS25강남역삼점,8801056714017,33,2020-04-15,2020-03-20
897,GS25강남역삼점,8801056051747,24,2020-04-15,2020-03-20
898,GS25강남역삼점,8809135303633,17,2020-04-15,2020-03-20
899,GS25강남역삼점,8809027331713,18,2020-04-15,2020-03-20
900,GS25강남역삼점,8801094603007,20,2020-04-15,2020-03-20
901,GS25강남역삼점,8801382144830,31,2020-04-15,2020-03-20
902,GS25강남역삼점,8801056034740,14,2020-04-15,2020-03-20
903,GS25강남역삼점,8809382930217,17,2020-04-15,2020-03-20
904,GS25강남역삼점,8809323750010,38,2020-04-15,2020-03-20
905,GS25강남역삼점,8801097250369,23,2020-04-15,2020-03-20
906,GS25강남역삼점,8801056038861,31,2020-04-15,2020-03-20
907,GS25강남역삼점,880105665874,22,2020-04-15,2020-03-20
908,GS25강남역삼점,8801104290357,22,2020-04-15,2020-03-20
909,GS25강남역삼점,8809135303640,45,2020-04-15,2020-03-20
910,GS25강남역삼점,8809125060225,18,2020-04-15,2020-03-20
911,GS25강남역삼점,8801056055189,4,2020-04-15,2020-03-20
912,GS25강남역삼점,8809082727520,13,2020-04-15,2020-03-20
913,GS25강남역삼점,8809110700051,44,2020-04-15,2020-03-20
914,GS25강남역삼점,8806002003900,16,2020-04-15,2020-03-20
915,GS25강남역삼점,8809068661077,24,2020-04-15,2020-03-20
916,GS25강남역삼점,8801753100885,24,2020-04-15,2020-03-20
917,GS25강남역삼점,8803284605464,29,2020-04-15,2020-03-20
918,GS25강남역삼점,8801382135418,35,2020-04-15,2020-03-20
919,GS25강남역삼점,8801056033026,45,2020-04-15,2020-03-20
920,GS25강남역삼점,8804342387872,29,2020-04-15,2020-03-20
921,GS25강남역삼점,8801056007163,4,2020-04-15,2020-03-20
922,GS25강남역삼점,8809323750010,27,2020-04-15,2020-03-20
923,GS25강남역삼점,8802774006927,35,2020-04-15,2020-03-20
924,GS25강남역삼점,8806430012819,36,2020-04-15,2020-03-20
925,GS25강남역삼점,8809023009333,33,2020-04-15,2020-03-20
926,GS25강남역삼점,8809228150021,40,2020-04-15,2020-03-20
927,GS25강남역삼점,8801056065829,23,2020-04-15,2020-03-20
928,GS25강남역삼점,8801056054984,13,2020-04-15,2020-03-20
929,GS25강남역삼점,8801094503000,19,2020-04-15,2020-03-20
930,GS25강남역삼점,8801043650700,6,2020-04-15,2020-03-20
931,GS25강남역삼점,8801056051747,14,2020-04-15,2020-03-20
932,GS25강남역삼점,8801056036775,13,2020-04-15,2020-03-20
933,GS25강남역삼점,8809080300060,13,2020-04-15,2020-03-20
934,GS25강남역삼점,8801097231016,2,2020-04-15,2020-03-20
935,GS25강남역삼점,8801094603007,3,2020-04-15,2020-03-20
936,GS25강남영동점,8801094222703,3,2020-06-18,2020-06-10
937,GS25강남영동점,8801056017583,7,2020-06-18,2020-06-10
938,GS25강남영동점,8801097850019,12,2020-06-18,2020-06-10
939,GS25강남영동점,8801056034740,16,2020-06-18,2020-06-10
940,GS25강남영동점,8809332391303,7,2020-06-18,2020-06-10
941,GS25강남영동점,8809050511144,11,2020-06-18,2020-06-10
942,GS25강남영동점,8809003432304,17,2020-06-18,2020-06-10
943,GS25강남영동점,8801056017583,10,2020-06-18,2020-06-10
944,GS25강남영동점,8809106188092,14,2020-06-18,2020-06-10
945,GS25강남영동점,8809253640177,16,2020-06-18,2020-06-10
946,GS25강남영동점,8801382137382,15,2020-06-18,2020-06-10
947,GS25강남영동점,8809173200130,6,2020-06-18,2020-06-10
948,GS25강남영동점,8801056714017,1,2020-06-18,2020-06-10
949,GS25강남영동점,8805915531036,9,2020-06-18,2020-06-10
950,GS25강남영동점,8809228158898,12,2020-06-18,2020-06-10
951,GS25강남영동점,8801097250369,1,2020-06-18,2020-06-10
952,GS25강남영동점,8801382128694,13,2020-06-18,2020-06-10
953,GS25강남유블레스점,8801037037869,6,2020-09-12,2020-05-15
954,GS25강남유블레스점,8801056005237,1,2020-09-12,2020-05-15
955,GS25강남유블레스점,8801104500067,10,2020-09-12,2020-05-15
956,GS25강남유블레스점,8801056787127,14,2020-09-12,2020-05-15
957,GS25강남유블레스점,8809409910154,6,2020-09-12,2020-05-15
958,GS25강남유블레스점,8809023001269,15,2020-09-12,2020-05-15
959,GS25강남유블레스점,8809191574664,9,2020-09-12,2020-05-15
960,GS25강남유블레스점,8809050511144,11,2020-09-12,2020-05-15
961,GS25강남유블레스점,8806002000794,13,2020-09-12,2020-05-15
962,GS25강남유블레스점,8801104290357,9,2020-09-12,2020-05-15
963,GS25강남유블레스점,8801753100892,11,2020-09-12,2020-05-15
964,GS25강남유블레스점,8801382134848,4,2020-09-12,2020-05-15
965,GS25강남유블레스점,8809409910154,13,2020-09-12,2020-05-15
966,GS25강남유블레스점,8801382132455,5,2020-09-12,2020-05-15
967,GS25강남유블레스점,8809027331706,2,2020-09-12,2020-05-15
968,GS25강남유블레스점,8801097278035,7,2020-09-12,2020-05-15
969,GS25강남유블레스점,8801056714017,1,2020-09-12,2020-05-15
970,GS25강남은성점,8809125064124,9,2020-04-13,2020-02-13
971,GS25강남은성점,8804074100350,4,2020-04-13,2020-02-13
972,GS25강남은성점,8809409910154,6,2020-04-13,2020-02-13
973,GS25강남은성점,8809173200147,8,2020-04-13,2020-02-13
974,GS25강남은성점,8806002003900,11,2020-04-13,2020-02-13
975,GS25강남은성점,8806430012819,1,2020-04-13,2020-02-13
976,GS25강남은성점,8801094503505,7,2020-04-13,2020-02-13
977,GS25강남은성점,8809382930248,4,2020-04-13,2020-02-13
978,GS25강남은성점,8809332391303,9,2020-04-13,2020-02-13
979,GS25강남은성점,8809173200345,11,2020-04-13,2020-02-13
980,GS25강남은성점,8801094503901,7,2020-04-13,2020-02-13
981,GS25강남은성점,8809382930255,14,2020-04-13,2020-02-13
982,GS25강남은성점,8801043650700,8,2020-04-13,2020-02-13
983,GS25강남은성점,8801094222406,10,2020-04-13,2020-02-13
984,GS25강남쥬비스점,8809228150014,6,2020-04-17,2020-04-11
985,GS25강남쥬비스점,8801056002541,10,2020-04-17,2020-04-11
986,GS25강남쥬비스점,8809228150021,1,2020-04-17,2020-04-11
987,GS25강남쥬비스점,8809228150014,4,2020-04-17,2020-04-11
988,GS25강남쥬비스점,8801382130840,7,2020-04-17,2020-04-11
989,GS25강남쥬비스점,8809173200345,6,2020-04-17,2020-04-11
990,GS25강남쥬비스점,8801056007163,10,2020-04-17,2020-04-11
991,GS25강남쥬비스점,8801056033057,7,2020-04-17,2020-04-11
992,GS25강남쥬비스점,8801056017644,6,2020-04-17,2020-04-11
993,GS25강남쥬비스점,8809191574688,3,2020-04-17,2020-04-11
994,GS25강남쥬비스점,88004334,2,2020-04-17,2020-04-11
995,GS25강남쥬비스점,8802673003362,13,2020-04-17,2020-04-11
996,GS25강남쥬비스점,8809228150021,1,2020-04-17,2020-04-11
997,GS25강남쥬비스점,8809382930248,5,2020-04-17,2020-04-11
998,GS25강남청담점,8801056164011,22,2020-02-16,2020-02-16
999,GS25강남청담점,8806003011522,2,2020-02-16,2020-02-16
1000,GS25강남청담점,8801037037869,6,2020-02-16,2020-02-16
1001,GS25강남청담점,8801382130659,1,2020-02-16,2020-02-16
1002,GS25강남청담점,8801097130012,23,2020-02-16,2020-02-16
1003,GS25강남청담점,8801382131014,18,2020-02-16,2020-02-16
1004,GS25강남청담점,8801382130802,16,2020-02-16,2020-02-16
1005,GS25강남청담점,8801097250376,14,2020-02-16,2020-02-16
1006,GS25강남청담점,8801094223038,12,2020-02-16,2020-02-16
1007,GS25강남청담점,8802673003355,6,2020-02-16,2020-02-16
1008,GS25강남청담점,8806003011522,26,2020-02-16,2020-02-16
1009,GS25강남청담점,8809409910123,21,2020-02-16,2020-02-16
1010,GS25강남청담점,8809080300060,16,2020-02-16,2020-02-16
1011,GS25강남청담점,8801056042226,18,2020-02-16,2020-02-16
1012,GS25강남청담점,8801056017583,22,2020-02-16,2020-02-16
1013,GS25강남청담점,8801097131019,20,2020-02-16,2020-02-16
1014,GS25강남청담점,8801056058227,27,2020-02-16,2020-02-16
1015,GS25강남청담점,8801052727837,7,2020-02-16,2020-02-16
1016,GS25강남청담점,8801056002541,3,2020-02-16,2020-02-16
1017,GS25강남청담점,8809423620015,4,2020-02-16,2020-02-16
1018,GS25강남청담점,8809050511083,9,2020-02-16,2020-02-16
1019,GS25강남청담점,8801037018646,11,2020-02-16,2020-02-16
1020,GS25강남청담점,8809191574640,10,2020-02-16,2020-02-16
1021,GS25강남청담점,8809423620022,5,2020-02-16,2020-02-16
1022,GS25강남청담점,8801382144830,23,2020-02-16,2020-02-16
1023,GS25강남청담점,8809332392768,25,2020-02-16,2020-02-16
1024,GS25강남청담점,8801382130820,21,2020-02-16,2020-02-16
1025,GS25강남타운점,8806002003030,3,2020-03-18,2020-05-18
1026,GS25강남타운점,8801097278035,3,2020-03-18,2020-05-18
1027,GS25강남타운점,8801043650700,1,2020-03-18,2020-05-18
1028,GS25강남타운점,8801037037869,9,2020-03-18,2020-05-18
1029,GS25강남타운점,8801094222406,9,2020-03-18,2020-05-18
1030,GS25강남타운점,8801382128038,6,2020-03-18,2020-05-18
1031,GS25강남타운점,8801097250413,6,2020-03-18,2020-05-18
1032,GS25강남타운점,8809323750027,3,2020-03-18,2020-05-18
1033,GS25강남타운점,8809082727537,3,2020-03-18,2020-05-18
1034,GS25강남태강점,8804342343434,7,2020-02-21,2020-09-13
1035,GS25강남태강점,8801094223007,1,2020-02-21,2020-09-13
1036,GS25강남태강점,8809068661152,15,2020-02-21,2020-09-13
1037,GS25강남태강점,8801056487010,11,2020-02-21,2020-09-13
1038,GS25강남태강점,8801056058227,6,2020-02-21,2020-09-13
1039,GS25강남태강점,8801056755010,13,2020-02-21,2020-09-13
1040,GS25강남태강점,8804074100350,3,2020-02-21,2020-09-13
1041,GS25강남태강점,8801382131014,10,2020-02-21,2020-09-13
1042,GS25강남태강점,8809191574695,15,2020-02-21,2020-09-13
1043,GS25강남태강점,8801056006297,16,2020-02-21,2020-09-13
1044,GS25강남태강점,8809380760175,11,2020-02-21,2020-09-13
1045,GS25강남태강점,8801056164011,14,2020-02-21,2020-09-13
1046,GS25강남태강점,8809173200345,10,2020-02-21,2020-09-13
1047,GS25강남태강점,8801382130659,1,2020-02-21,2020-09-13
1048,GS25강남태강점,8801097250376,6,2020-02-21,2020-09-13
1049,GS25강남태강점,8801382144823,7,2020-02-21,2020-09-13
1050,GS25강남태강점,8809173200147,8,2020-02-21,2020-09-13
1051,GS25강남태양점,8809173200147,13,2020-01-12,2020-07-15
1052,GS25강남태양점,8801056065829,32,2020-01-12,2020-07-15
1053,GS25강남태양점,8804342343434,29,2020-01-12,2020-07-15
1054,GS25강남태양점,8801056065805,7,2020-01-12,2020-07-15
1055,GS25강남태양점,8804074100350,32,2020-01-12,2020-07-15
1056,GS25강남태양점,8806430012802,11,2020-01-12,2020-07-15
1057,GS25강남태양점,8802673003300,11,2020-01-12,2020-07-15
1058,GS25강남태양점,8809423620015,25,2020-01-12,2020-07-15
1059,GS25강남태양점,8801753100885,1,2020-01-12,2020-07-15
1060,GS25강남태양점,8801056015107,18,2020-01-12,2020-07-15
1061,GS25강남태양점,8809082723379,8,2020-01-12,2020-07-15
1062,GS25강남태양점,8801094222703,17,2020-01-12,2020-07-15
1063,GS25강남태양점,8801094222703,6,2020-01-12,2020-07-15
1064,GS25강남태양점,8801097150010,35,2020-01-12,2020-07-15
1065,GS25강남태양점,8802673003317,30,2020-01-12,2020-07-15
1066,GS25강남태양점,8809191574640,2,2020-01-12,2020-07-15
1067,GS25강남태양점,8801056017644,36,2020-01-12,2020-07-15
1068,GS25강남태양점,8806001084894,7,2020-01-12,2020-07-15
1069,GS25강남태양점,8809323750065,8,2020-01-12,2020-07-15
1070,GS25강남태양점,8801382135418,3,2020-01-12,2020-07-15
1071,GS25강남태양점,8801094473006,17,2020-01-12,2020-07-15
1072,GS25강남태양점,8809380760175,36,2020-01-12,2020-07-15
1073,GS25강남태양점,8809125060232,21,2020-01-12,2020-07-15
1074,GS25강남태양점,8801097178090,37,2020-01-12,2020-07-15
1075,GS25강남태양점,8809228158898,9,2020-01-12,2020-07-15
1076,GS25강남태양점,8801056017606,27,2020-01-12,2020-07-15
1077,GS25강남태양점,8801056755010,29,2020-01-12,2020-07-15
1078,GS25강남태양점,8809125060232,27,2020-01-12,2020-07-15
1079,GS25강남태양점,8806002010571,28,2020-01-12,2020-07-15
1080,GS25강남태양점,8809382930231,25,2020-01-12,2020-07-15
1081,GS25강남태양점,8801382144830,7,2020-01-12,2020-07-15
1082,GS25강남태양점,8809323750010,8,2020-01-12,2020-07-15
1083,GS25강남태양점,8809027331706,10,2020-01-12,2020-07-15
1084,GS25강남태양점,8801056015107,24,2020-01-12,2020-07-15
1085,GS25강남태양점,8802774003445,16,2020-01-12,2020-07-15
1086,GS25강남태양점,8801056030649,29,2020-01-12,2020-07-15
1087,GS25강남태양점,8809173200130,11,2020-01-12,2020-07-15
1088,GS25강남한티점,8809135303640,1,2020-05-20,2020-01-21
1089,GS25개나리SK점,8809423620046,11,2020-02-19,2020-01-19
1090,GS25개나리SK점,8806001084542,10,2020-02-19,2020-01-19
1091,GS25개나리SK점,8802673003317,35,2020-02-19,2020-01-19
1092,GS25개나리SK점,8809423870007,23,2020-02-19,2020-01-19
1093,GS25개나리SK점,8801056022112,12,2020-02-19,2020-01-19
1094,GS25개나리SK점,8809382930231,15,2020-02-19,2020-01-19
1095,GS25개나리SK점,8801056038649,27,2020-02-19,2020-01-19
1096,GS25개나리SK점,8801056065805,32,2020-02-19,2020-01-19
1097,GS25개나리SK점,8801382134848,19,2020-02-19,2020-01-19
1098,GS25개나리SK점,8809080300039,4,2020-02-19,2020-01-19
1099,GS25개나리SK점,8809191574695,29,2020-02-19,2020-01-19
1100,GS25개나리SK점,8801056017644,5,2020-02-19,2020-01-19
1101,GS25개나리SK점,8802673003362,13,2020-02-19,2020-01-19
1102,GS25개나리SK점,8809397830007,41,2020-02-19,2020-01-19
1103,GS25개나리SK점,8801043650762,9,2020-02-19,2020-01-19
1104,GS25개나리SK점,8806001084542,22,2020-02-19,2020-01-19
1105,GS25개나리SK점,8809106188092,17,2020-02-19,2020-01-19
1106,GS25개나리SK점,8809023009593,39,2020-02-19,2020-01-19
1107,GS25개나리SK점,8801382130840,28,2020-02-19,2020-01-19
1108,GS25개나리SK점,8801056022112,7,2020-02-19,2020-01-19
1109,GS25개나리SK점,8809106188092,14,2020-02-19,2020-01-19
1110,GS25개나리SK점,8801056022112,17,2020-02-19,2020-01-19
1111,GS25개나리SK점,8801097178021,32,2020-02-19,2020-01-19
1112,GS25개나리SK점,8806002010977,11,2020-02-19,2020-01-19
1113,GS25개나리SK점,8801382131014,15,2020-02-19,2020-01-19
1114,GS25개나리SK점,8801056017606,2,2020-02-19,2020-01-19
1115,GS25개나리SK점,8801056001858,39,2020-02-19,2020-01-19
1116,GS25개나리SK점,8801056065768,39,2020-02-19,2020-01-19
1117,GS25개나리SK점,8806002003931,18,2020-02-19,2020-01-19
1118,GS25개나리SK점,8801043900027,39,2020-02-19,2020-01-19
1119,GS25개나리SK점,8809423620008,35,2020-02-19,2020-01-19
1120,GS25개나리SK점,8801382135418,12,2020-02-19,2020-01-19
1121,GS25개나리SK점,8809382930200,4,2020-02-19,2020-01-19
1122,GS25개나리SK점,8801056487010,24,2020-02-19,2020-01-19
1123,GS25개나리SK점,8801097178038,9,2020-02-19,2020-01-19
1124,GS25개나리SK점,8802774003445,12,2020-02-19,2020-01-19
1125,GS25개나리SK점,8801094503505,34,2020-02-19,2020-01-19
1126,GS25개나리SK점,8809191574664,29,2020-02-19,2020-01-19
1127,GS25개나리SK점,8809382930255,9,2020-02-19,2020-01-19
1128,GS25개나리SK점,8802774003445,9,2020-02-19,2020-01-19
1129,GS25개나리SK점,8806430012802,24,2020-02-19,2020-01-19
1130,GS25개포경남점,8809228150021,2,2020-06-16,2020-03-20
1131,GS25개포경남점,8804074600546,3,2020-06-16,2020-03-20
1132,GS25개포경남점,8809027331324,3,2020-06-16,2020-03-20
1133,GS25개포경남점,8801056042226,4,2020-06-16,2020-03-20
