productName,price,division1,division2,division3,seller,update,barcode,id
컨트코리아 다우어캡슐더치커피 DCC-S26L(5),10000,가공식품,음료류,커피,(주)컨트코리아,2015-01-22 11:12:12,8809423620046,201301563721
컨트코리아 다우어캡슐더치커피 DCC-S26L(10),40000,가공식품,음료류,커피,(주)컨트코리아,2015-01-22 11:12:12,8809423620039,201301563721
컨트코리아 다우어캡슐더치커피 DCC-M26L(5),16000,가공식품,음료류,커피,(주)컨트코리아,2015-01-22 11:12:12,8809423620022,201301563721
컨트코리아 다우어캡슐더치커피 DCC-M26L(10),6000,가공식품,음료류,커피,(주)컨트코리아,2015-01-22 11:12:12,8809423620015,201301563721
컨트코리아 다우어캡슐더치커피 DCC-M26L(10),18000,가공식품,음료류,커피,(주)컨트코리아,2015-01-22 11:12:12,8809423620008,201301563721
6년근홍삼흑마늘진액1호(1000ml*1),25000,가공식품,음료류,인삼.홍삼음료,한일인삼산업(주),2015-01-22 11:12:12,8809003432304,20000380029152
6년근홍삼흑마늘진액80ml*30포(2400ml),24000,가공식품,음료류,인삼.홍삼음료,한일인삼산업(주),2015-01-22 11:12:12,8809003432328,20000380029152
솔표 솔바론디 100MLx10`S,7000,가공식품,기타음료,혼합음료,조선무약(자),2015-01-22 11:12:12,8806020310530,1993031103324
빅썬사과 200ML,33000,가공식품,기타음료,혼합음료,(주)빙그레,2015-01-22 11:12:12,88004334,198206070048
(주)빙그레 빅썬배 200ML,12000,가공식품,기타음료,혼합음료,(주)빙그레,2015-01-22 11:12:12,8801104290357,198206070048
빅썬 배맛 200ml 3EA,7000,가공식품,기타음료,혼합음료,(주)빙그레,2015-01-22 11:12:12,8801104500067,198206070048
마운틴와이드블랙,3000,가공식품,탄산음료류,탄산음료,롯데칠성음료(주),2015-01-22 11:12:12,8801056015107,2000036037248
생명의뿌리 백수오 흑삼(90p),9000,가공식품,음료류,인삼.홍삼음료,(주)고려바이오홍삼,2015-01-22 11:12:12,8809082727520,2001046725983
생명의뿌리 백수오 흑삼(240p),23000,가공식품,음료류,인삼.홍삼음료,(주)고려바이오홍삼,2015-01-22 11:12:12,8809082727537,2001046725983
생명의뿌리 백수오 흑삼(20p),35000,가공식품,음료류,인삼.홍삼음료,(주)고려바이오홍삼,2015-01-22 11:12:12,8809082727513,2001046725983
생명의뿌리흑삼진액(20p),40000,가공식품,음료류,인삼.홍삼음료,(주)고려바이오홍삼,2015-01-22 11:12:12,8809082723386,2001046725977
생명의뿌리흑삼진액(90p),13000,가공식품,음료류,인삼.홍삼음료,(주)고려바이오홍삼,2015-01-22 11:12:12,8809082723379,2001046725977
홍삼신기원,24000,가공식품,음료류,인삼.홍삼음료,(주)케이에스에이,2015-01-22 11:12:12,8809045670115,1999046710012
농심카프리썬사파리 200ML*10`S,16000,가공식품,과일.채소류음료,과.채음료,(주)농심,2015-01-22 11:12:12,8801043900027,199703602995
카프리썬사파리 200ML,39000,가공식품,과일.채소류음료,과.채음료,(주)농심,2015-01-22 11:12:12,8801043650199,199703602995
청정원 마시는 홍초현미900ml,18000,가공식품,기타음료,음료베이스,대상(주),2015-01-22 11:12:12,8801052727851,1993033606095
청정원 마시는 홍초검은콩900ml,8000,가공식품,기타음료,음료베이스,대상(주),2015-01-22 11:12:12,8801052727837,1993033606097
정관장홍삼톤F 150MLx9`S,37000,가공식품,음료류,인삼.홍삼음료,(주)한국인삼공사,2015-01-22 11:12:12,8809023009340,1996047003765
정관장 홍삼톤 -F,36000,가공식품,음료류,인삼.홍삼음료,(주)한국인삼공사,2015-01-22 11:12:12,8809023009593,1996047003765
정관장홍삼톤F 15ML*10 150ML,4000,가공식품,음료류,인삼.홍삼음료,(주)한국인삼공사,2015-01-22 11:12:12,8809023009333,1996047003765
(주)한국인삼공사 정관장 홍삼톤F,28000,가공식품,음료류,인삼.홍삼음료,(주)한국인삼공사,2015-01-22 11:12:12,8809332392768,1996047003765
차그린 키위7 과즙40% 480ML,9000,가공식품,과일.채소류음료,과.채음료,(주)고려에프앤비,2015-01-22 11:12:12,8809040935110,2001044002428
고려인삼진 100ml(52포),32000,가공식품,음료류,인삼.홍삼음료,큰바위식품,2015-01-22 11:12:12,8809110700051,200304670032
고려인삼진100ml(13포),36000,가공식품,음료류,인삼.홍삼음료,큰바위식품,2015-01-22 11:12:12,8809110700044,200304670032
웅진식품 장쾌삼산삼배양근85ML*10 - BOTTLE,15000,가공식품,음료류,인삼.홍삼음료,웅진식품(주),2015-01-22 11:12:12,8801382134824,19960458039285
장쾌삼 산삼배양근,13000,가공식품,음료류,인삼.홍삼음료,웅진식품(주),2015-01-22 11:12:12,8801382138686,19960458039285
웅진 장쾌삼 산삼배양근 50ml*10,9000,가공식품,음료류,인삼.홍삼음료,웅진식품(주),2015-01-22 11:12:12,8801382135418,19960458039285
(주)한국인삼공사 굿베이스 홍삼틴케어,24000,가공식품,음료류,인삼.홍삼음료,(주)한국인삼공사,2015-01-22 11:12:12,8809023003379,19960470037227
아라비카100 블랙믹스 100T,20000,가공식품,음료류,커피,동서식품(주),2015-01-22 11:12:12,8801037037869,1986058904352
아라비카100블랙믹스 20T,25000,가공식품,음료류,커피,동서식품(주),2015-01-22 11:12:12,8801037037852,1986058904352
동서벌꿀음료 180ML,10000,가공식품,기타음료,혼합음료,동서식품(주),2015-01-22 11:12:12,8801037018646,1993044304628
퓨어플러스 유기농믹스 150ml,29000,가공식품,과일.채소류음료,과.채주스,퓨어플러스(주),2015-01-22 11:12:12,8809125060836,20020623009104
퓨어플러스 유기농믹스 245ml,19000,가공식품,과일.채소류음료,과.채주스,퓨어플러스(주),2015-01-22 11:12:12,8809125060225,20020623009104
유기농믹스세트,4000,가공식품,과일.채소류음료,과.채주스,퓨어플러스(주),2015-01-22 11:12:12,8809125060232,20020623009104
퓨어플러스 유기농 사과쥬스 1000ML x 1EA,24000,가공식품,과일.채소류음료,과.채주스,퓨어플러스(주),2015-01-22 11:12:12,8809125064124,20020623009105
퓨어플러스 유기농사과 150ml,14000,가공식품,과일.채소류음료,과.채주스,퓨어플러스(주),2015-01-22 11:12:12,8809125060850,20020623009105
상큼하게포도파우치1팩100ML,4000,가공식품,과일.채소류음료,과.채음료,(주)담수연,2015-01-22 11:12:12,8809382930224,2010049401815
상큼하게포도40팩,3000,가공식품,과일.채소류음료,과.채음료,(주)담수연,2015-01-22 11:12:12,8809382930255,2010049401815
예쁘게사과파우치1팩100ML,7000,가공식품,과일.채소류음료,과.채음료,(주)담수연,2015-01-22 11:12:12,8809382930217,2010049401814
자신있게감귤40팩,26000,가공식품,과일.채소류음료,과.채음료,(주)담수연,2015-01-22 11:12:12,8809382930231,2010049401813
자신있게감귤파우치1팩100ML,10000,가공식품,과일.채소류음료,과.채음료,(주)담수연,2015-01-22 11:12:12,8809382930200,2010049401813
예쁘게사과40팩,37000,가공식품,과일.채소류음료,과.채음료,(주)담수연,2015-01-22 11:12:12,8809382930248,2010049401814
풍기인삼농협 황풍정 프리미엄 홍삼흑초,7000,가공식품,기타음료,음료베이스,풍기인삼협동조합(풍기인삼농협),2015-01-22 11:12:12,8809050511090,2002055400554
풍기인삼농협 황풍정 프리미엄 홍삼생초,14000,가공식품,기타음료,음료베이스,풍기인삼협동조합(풍기인삼농협),2015-01-22 11:12:12,8809050511083,2002055400553
풍기인삼농협 황풍정 홍삼액 수 50ml*30포,23000,가공식품,음료류,인삼.홍삼음료,풍기인삼협동조합(풍기인삼농협),2015-01-22 11:12:12,8809050511144,2002055400552
황풍정홍삼액수,12000,가공식품,음료류,인삼.홍삼음료,풍기인삼협동조합(풍기인삼농협),2015-01-22 11:12:12,8809050511038,2002055400552
트로피카나 스무디 바나나망고235㎖,28000,가공식품,과일.채소류음료,과.채주스,롯데칠성음료(주),2015-01-22 11:12:12,8801056038649,19780368002344
롯데칠성음료 트로피카나 복숭아라떼 300ml펫,16000,가공식품,과일.채소류음료,과.채음료,롯데칠성음료(주),2015-01-22 11:12:12,8801056058227,19780368002384
광동제약(주) 비타500F 240ml,12000,가공식품,기타음료,혼합음료,광동제약(주),2015-01-22 11:12:12,8806002010977,19960308010338
밀키스 250ML,25000,가공식품,탄산음료류,탄산음료,롯데칠성음료(주),2015-01-22 11:12:12,8801056154011,1978036800228
밀키스500ml,21000,가공식품,탄산음료류,탄산음료,롯데칠성음료(주),2015-01-22 11:12:12,8801056755010,1978036800228
롯데칠성 밀키스 250MLx6`S,37000,가공식품,탄산음료류,탄산음료,롯데칠성음료(주),2015-01-22 11:12:12,8801056154066,1978036800228
밀키스 1.5L,5000,가공식품,탄산음료류,탄산음료,롯데칠성음료(주),2015-01-22 11:12:12,8801056201012,1978036800228
밀키스오리지널250ml,9000,가공식품,탄산음료류,탄산음료,롯데칠성음료(주),2015-01-22 11:12:12,8801056164011,1978036800228
산수유210ml,13000,가공식품,기타음료,혼합음료,광동제약(주),2015-01-22 11:12:12,8806002003931,1996030801014
산수유210m*10,20000,가공식품,기타음료,혼합음료,광동제약(주),2015-01-22 11:12:12,8806002004044,1996030801014
산수유(100ml),40000,가공식품,기타음료,혼합음료,광동제약(주),2015-01-22 11:12:12,8806002002894,1996030801014
광동산수유100ML*10,11000,가공식품,기타음료,혼합음료,광동제약(주),2015-01-22 11:12:12,8806002003900,1996030801014
생로얄에프/100*20,28000,가공식품,과일.채소류음료,과.채음료,광동제약(주),2015-01-22 11:12:12,8806002000794,1996030801012
홍삼애,19000,가공식품,음료류,인삼.홍삼음료,바이셀,2015-01-22 11:12:12,8809323750065,201104440186
뿌리전체를 갈아만든 발효홍삼 파우치,33000,가공식품,음료류,인삼.홍삼음료,바이셀,2015-01-22 11:12:12,8809323750010,201104440181
뿌리전체를 갈아만든 발효홍삼 박스,33000,가공식품,음료류,인삼.홍삼음료,바이셀,2015-01-22 11:12:12,8809323750027,201104440181
펩시넥스1.25펫,20000,가공식품,탄산음료류,탄산음료,롯데칠성음료(주),2015-01-22 11:12:12,8801056032388,1984022101057
롯데칠성음료 트레비 라임 500ml펫,34000,가공식품,탄산음료류,탄산음료,롯데칠성음료(주),2015-01-22 11:12:12,8801056055189,1984022101056
(주)휴럼 이마트 유기농석류즙_50ml*21ea,38000,가공식품,과일.채소류음료,과.채주스,(주)휴럼,2015-01-22 11:12:12,8809191574664,20080415099117
(주)휴럼 이마트 유기농석류즙_50ml*7ea,26000,가공식품,과일.채소류음료,과.채주스,(주)휴럼,2015-01-22 11:12:12,8809191574657,20080415099117
고려홍삼생녹용원골드 50ml×5,9000,가공식품,음료류,인삼.홍삼음료,고려인삼연구(주),2015-01-22 11:12:12,8809027331713,19970378043130
고려홍삼생녹용원골드 50㎖×30/p.c,35000,가공식품,음료류,인삼.홍삼음료,고려인삼연구(주),2015-01-22 11:12:12,8809027331706,19970378043130
고려생산삼뿌리배양근 20㎖×30/dual p.c,25000,가공식품,음료류,인삼.홍삼음료,고려인삼연구(주),2015-01-22 11:12:12,8809027331744,19970378043124
고려 생산삼뿌리배양근 20㎖×10/p.c,9000,가공식품,음료류,인삼.홍삼음료,고려인삼연구(주),2015-01-22 11:12:12,8809027331492,19970378043124
고려 홍삼대보원액 80㎖×60,22000,가공식품,음료류,인삼.홍삼음료,고려인삼연구(주),2015-01-22 11:12:12,8809027331324,19970378043121
고려 홍삼대보원액 80㎖×30,19000,가공식품,음료류,인삼.홍삼음료,고려인삼연구(주),2015-01-22 11:12:12,8809027331317,19970378043121
고려홍삼대보원액 80ml×5,34000,가공식품,음료류,인삼.홍삼음료,고려인삼연구(주),2015-01-22 11:12:12,8809027332932,19970378043121
(주)휴럼 이마트 유기농석류즙(파우치)_50ml x 1EA,17000,가공식품,과일.채소류음료,과.채주스,(주)휴럼,2015-01-22 11:12:12,8809191574640,20080415099117
(주)휴럼 이마트 유기농블루베리즙_50ml*7ea,11000,가공식품,과일.채소류음료,과.채주스,(주)휴럼,2015-01-22 11:12:12,8809191574688,20080415099118
(주)휴럼 이마트 유기농블루베리즙(파우치)_50ml x 1EA,36000,가공식품,과일.채소류음료,과.채주스,(주)휴럼,2015-01-22 11:12:12,8809191574671,20080415099118
(주)휴럼 이마트 유기농블루베리즙_50ml*21ea,32000,가공식품,과일.채소류음료,과.채주스,(주)휴럼,2015-01-22 11:12:12,8809191574695,20080415099118
(주)담터 헤이즐넛향커피믹스,13000,가공식품,음료류,커피,(주)담터,2015-01-22 11:12:12,8803284607659,19710372001143
담터]애플에이드15T,13000,가공식품,기타음료,음료베이스,(주)담터,2015-01-22 11:12:12,8803284605464,19710372001141
담터]애플에이드60T,10000,가공식품,기타음료,음료베이스,(주)담터,2015-01-22 11:12:12,8803284605532,19710372001141
펩시콜라블루500,30000,가공식품,탄산음료류,탄산음료,롯데칠성음료(주),2015-01-22 11:12:12,8801056002541,2000036037219
네스티 블랙커런트맛 240ML,12000,가공식품,기타음료,혼합음료,한국코카콜라(주),2015-01-22 11:12:12,8801094483005,19740344001149
네스티 블랙커런트맛 500ML,21000,가공식품,기타음료,혼합음료,한국코카콜라(주),2015-01-22 11:12:12,8801094482602,19740344001149
조지아커피 오리지널(5+1) 240*6,36000,가공식품,기타음료,혼합음료,한국코카콜라(주),2015-01-22 11:12:12,8801094503031,19740344001148
조지아 오리지널 PET 280ml,40000,가공식품,기타음료,혼합음료,한국코카콜라(주),2015-01-22 11:12:12,8801094502102,19740344001148
한국코카콜라 조지아오리지날240ML - CAN,10000,가공식품,기타음료,혼합음료,한국코카콜라(주),2015-01-22 11:12:12,8801094503000,19740344001148
한국코카콜라 조지아오리지날175ML - CAN,15000,가공식품,기타음료,혼합음료,한국코카콜라(주),2015-01-22 11:12:12,8801094503505,19740344001148
조지아 오리지날 1/2,20000,가공식품,기타음료,혼합음료,한국코카콜라(주),2015-01-22 11:12:12,8801094563004,19740344001148
조지아커피 오리지널 150ml,18000,가공식품,기타음료,혼합음료,한국코카콜라(주),2015-01-22 11:12:12,8801094503901,19740344001148
소켄비차1.5L,35000,가공식품,기타음료,혼합음료,한국코카콜라(주),2015-01-22 11:12:12,8801094602406,19740344001147
소켄비차350ml,6000,가공식품,기타음료,혼합음료,한국코카콜라(주),2015-01-22 11:12:12,8801094602208,19740344001147
코카콜라_소켄비차 240ml,9000,가공식품,기타음료,혼합음료,한국코카콜라(주),2015-01-22 11:12:12,8801094603007,19740344001147
한국코카콜라 파워에이드비타레몬600ML - PET BOTTLE,13000,가공식품,기타음료,혼합음료,한국코카콜라(주),2015-01-22 11:12:12,8801094232702,19740344001145
파워에이드 아쿠아 그레이프후르트 맛 1.5L,34000,가공식품,기타음료,혼합음료,한국코카콜라(유),2015-01-22 11:12:12,8801094222406,19740344001144
파워에이드 아쿠아그레이프후르트 맛 240ml,27000,가공식품,기타음료,혼합음료,한국코카콜라(주),2015-01-22 11:12:12,8801094223007,19740344001144
파워에이드_아쿠아 그레이프_240ML*6,21000,가공식품,기타음료,혼합음료,한국코카콜라(주),2015-01-22 11:12:12,8801094223038,19740344001144
파워에이드 아쿠아 그레이프후르트 맛 600ML,18000,가공식품,기타음료,혼합음료,한국코카콜라(주),2015-01-22 11:12:12,8801094222703,19740344001144
네스티 달콤한 꿀맛배 240ML,14000,가공식품,기타음료,혼합음료,한국코카콜라(주),2015-01-22 11:12:12,8801094473006,19740344001142
2%사과1.5L,15000,가공식품,과일.채소류음료,과.채음료,롯데칠성음료(주),2015-01-22 11:12:12,8801056005719,19780368002405
롯)비타파워250ml,35000,가공식품,기타음료,혼합음료,롯데칠성음료(주),2015-01-22 11:12:12,8801056006297,19780368002251
스위플 레드오렌지 200ml,37000,가공식품,기타음료,혼합음료,(학)연세대학교연세우유,2015-01-22 11:12:12,8801753100885,1993046102297
스위플 레드오렌지 200ml*24,3000,가공식품,기타음료,혼합음료,(학)연세대학교연세우유,2015-01-22 11:12:12,8801753100892,1993046102297
홍삼음료 180ML,25000,가공식품,음료류,인삼.홍삼음료,롯데칠성음료(주),2015-01-22 11:12:12,8801056001285,19780368002269
꿀홍삼180*12,36000,가공식품,기타음료,혼합음료,롯데칠성음료(주),2015-01-22 11:12:12,8801056030649,19780368002268
모메존석류(캔),21000,가공식품,과일.채소류음료,과.채음료,롯데칠성음료(주),2015-01-22 11:12:12,8801056009731,19780368002265
롯데비타파워병(210ml),34000,가공식품,기타음료,혼합음료,롯데칠성음료(주),2015-01-22 11:12:12,8801056007163,19780368002251
롯데비타파워병(100ml),19000,가공식품,기타음료,혼합음료,롯데칠성음료(주),2015-01-22 11:12:12,8801056005237,19780368002251
롯데칠성음료(주) 핫식스360ml,13000,가공식품,탄산음료류,탄산음료,롯데칠성음료(주),2015-01-22 11:12:12,8801056051747,19780368002342
롯데칠성음료 핫식스 핫식스 250ml*10,8000,가공식품,탄산음료류,탄산음료,롯데칠성음료(주),2015-01-22 11:12:12,8801056054984,19780368002342
롯데핫식스250ml,13000,가공식품,탄산음료류,탄산음료,롯데칠성음료(주),2015-01-22 11:12:12,880105603886,19780368002342
델몬트프리미엄사과180ml,12000,가공식품,과일.채소류음료,과.채주스,롯데칠성음료(주),2015-01-22 11:12:12,8801056036775,19780368002341
(롯데)미린다 포도 200ML*6,32000,가공식품,탄산음료류,탄산음료,롯데칠성음료(주),2015-01-22 11:12:12,8801056006259,19780368002337
광동산삼배양근眞75ml*10,19000,가공식품,음료류,인삼.홍삼음료,광동제약(주),2015-01-22 11:12:12,8806002003030,1996030801016
광동산삼배양근眞75ml,27000,가공식품,음료류,인삼.홍삼음료,광동제약(주),2015-01-22 11:12:12,8806002003023,1996030801016
키위쉐이크,3000,가공식품,기타음료,음료베이스,참존식품,2015-01-22 11:12:12,8809173200123,2000016365369
딸기쉐이크,21000,가공식품,기타음료,음료베이스,참존식품,2015-01-22 11:12:12,8809173200345,2000016365361
딸기쉐이크,27000,가공식품,기타음료,음료베이스,참존식품,2015-01-22 11:12:12,8809173200130,2000016365361
망고,6000,가공식품,기타음료,음료베이스,참존식품,2015-01-22 11:12:12,8809173200147,2000016365334
포카리스웨트 620ML,28000,가공식품,기타음료,혼합음료,동아오츠카(주),2015-01-22 11:12:12,8801097250079,1973028800610
포카리스웨트1.8ℓ,4000,가공식품,기타음료,혼합음료,동아오츠카(주),2015-01-22 11:12:12,8801097250369,1973028800610
포카리스웨트+오란씨 1.5L*2,35000,가공식품,기타음료,혼합음료,동아오츠카(주),2015-01-22 11:12:12,8801097178014,1973028800610
(동아)포카리스웨트620ML*3,40000,가공식품,기타음료,혼합음료,동아오츠카(주),2015-01-22 11:12:12,8801097187016,1973028800610
포카리+그린타임 1.5L*2,39000,가공식품,기타음료,혼합음료,동아오츠카(주),2015-01-22 11:12:12,8801097178021,1973028800610
포카리스웨트1.8ℓ+1.5ℓ,9000,가공식품,기타음료,혼합음료,동아오츠카(주),2015-01-22 11:12:12,8801097250383,1973028800610
포카리+블랙빈테라피1.5L*2,40000,가공식품,기타음료,혼합음료,동아오츠카(주),2015-01-22 11:12:12,8801097178090,1973028800610
포카리스웨트500*4,17000,가공식품,기타음료,혼합음료,동아오츠카(주),2015-01-22 11:12:12,8801097250053,1973028800610
포카리스웨트620,32000,가공식품,기타음료,혼합음료,동아오츠카(주),2015-01-22 11:12:12,8801097250279,1973028800610
포카리기획1.5*2,18000,가공식품,기타음료,혼합음료,동아오츠카(주),2015-01-22 11:12:12,8801097278035,1973028800610
동아]포카리스웨트1.5Lpt,3000,가공식품,기타음료,혼합음료,동아오츠카(주),2015-01-22 11:12:12,8801097618114,1973028800610
*포카리290mlNB캔(기획),19000,가공식품,기타음료,혼합음료,동아오츠카(주),2015-01-22 11:12:12,8801097850019,1973028800610
오란씨 포도맛 250ML,6000,가공식품,탄산음료류,탄산음료,동아오츠카(주),2015-01-22 11:12:12,8801097131019,197302880067
오란씨 포도맛 1.5L,27000,가공식품,탄산음료류,탄산음료,동아오츠카(주),2015-01-22 11:12:12,8801097231016,197302880067
오란씨그레이프,5000,가공식품,탄산음료류,탄산음료,동아오츠카(주),2015-01-22 11:12:12,8801097130036,197302880067
오란씨그레이프,33000,가공식품,탄산음료류,탄산음료,동아오츠카(주),2015-01-22 11:12:12,8801097130012,197302880067
포카리스웨트1.5L+오란씨파인1.5L,34000,가공식품,기타음료,혼합음료,동아오츠카(주),2015-01-22 11:12:12,8801097178038,1973028800610
포카리스웨트 245ML,9000,가공식품,기타음료,혼합음료,동아오츠카(주),2015-01-22 11:12:12,8801097150010,1973028800610
포카리스웨트 알칼리성이온음료 340ML,3000,가공식품,기타음료,혼합음료,동아오츠카(주),2015-01-22 11:12:12,8801097250413,1973028800610
포카리스웨트 1.8ℓ * 2,22000,가공식품,기타음료,혼합음료,동아오츠카(주),2015-01-22 11:12:12,8801097250376,1973028800610
자연주의친환경100%원액머루포도주스,29000,가공식품,과일.채소류음료,과.채주스,(주)웰팜,2015-01-22 11:12:12,8809135303640,20030445042115
자연주의 친환경100%원액 포도주스,8000,가공식품,과일.채소류음료,과.채주스,(주)웰팜,2015-01-22 11:12:12,8809135303633,20030445042111
행복한 본성 음료 100ml,5000,가공식품,기타음료,혼합음료,셀루스(주),2015-01-22 11:12:12,8809106188092,2002044518127
웅)자연은레드오렌지180ml(병),8000,가공식품,과일.채소류음료,과.채음료,웅진식품(주),2015-01-22 11:12:12,8801382130820,19960458039201
자연은레드오렌지180,6000,가공식품,과일.채소류음료,과.채음료,웅진식품(주),2015-01-22 11:12:12,8801382130826,19960458039201
자연은레드오렌지180ml*12,35000,가공식품,과일.채소류음료,과.채음료,웅진식품(주),2015-01-22 11:12:12,8801382130840,19960458039201
웅진식품 자연은내사랑토마토180ML - BOTTLE,12000,가공식품,과일.채소류음료,과.채음료,웅진식품(주),2015-01-22 11:12:12,8801382130659,19960458039194
자연은 내사랑 토마토 1+1,25000,가공식품,과일.채소류음료,과.채음료,웅진식품(주),2015-01-22 11:12:12,8801382139072,19960458039194
자)내사랑토마토+오렌지1.5*2,26000,가공식품,과일.채소류음료,과.채음료,웅진식품(주),2015-01-22 11:12:12,8801382130383,19960458039194
웅진제주감귤,38000,가공식품,과일.채소류음료,과.채음료,웅진식품(주),2015-01-22 11:12:12,8801382127284,19960458039227
웅진제주감귤세트,21000,가공식품,과일.채소류음료,과.채음료,웅진식품(주),2015-01-22 11:12:12,8801382127574,19960458039227
제주감귤,32000,가공식품,과일.채소류음료,과.채음료,웅진식품(주),2015-01-22 11:12:12,8801382127567,19960458039227
미린다포도190㎖*6캔,16000,가공식품,탄산음료류,탄산음료,롯데칠성음료(주),2015-01-22 11:12:12,8801056034740,19780368002337
롯데칠성음료 델몬트오리지널알로에CAN180ML - CAN,28000,가공식품,기타음료,혼합음료,롯데칠성음료(주),2015-01-22 11:12:12,8801056022112,19780368002195
트로피카나 자몽플러스1.5펫,11000,가공식품,과일.채소류음료,과.채음료,롯데칠성음료(주),2015-01-22 11:12:12,8801056064747,19780368002410
트로피카나 자몽플러스300펫,29000,가공식품,과일.채소류음료,과.채음료,롯데칠성음료(주),2015-01-22 11:12:12,8801056064761,19780368002410
(주)롯데칠성음료 델몬트 아사이베리&블루베리 1.5L,30000,가공식품,과일.채소류음료,과.채음료,롯데칠성음료(주),2015-01-22 11:12:12,8801056065829,19780368002409
(주)롯데칠성음료 델몬트 아사이베리&블루베리 300ml,35000,가공식품,과일.채소류음료,과.채음료,롯데칠성음료(주),2015-01-22 11:12:12,880105665874,19780368002409
(주)롯데칠성음료 델몬트 크랜베리&스트로베리 1.5L,21000,가공식품,과일.채소류음료,과.채음료,롯데칠성음료(주),2015-01-22 11:12:12,8801056065768,19780368002408
롯데칠성음료(주) 델몬트 크랜베리&스트로베리 300ml,6000,가공식품,과일.채소류음료,과.채음료,롯데칠성음료(주),2015-01-22 11:12:12,8801056065805,19780368002408
2%사과240캔*1,38000,가공식품,과일.채소류음료,과.채음료,롯데칠성음료(주),2015-01-22 11:12:12,8801056042196,19780368002405
2%사과240*6캔어플리,31000,가공식품,과일.채소류음료,과.채음료,롯데칠성음료(주),2015-01-22 11:12:12,8801056042219,19780368002405
2%사과350펫어플리,31000,가공식품,과일.채소류음료,과.채음료,롯데칠성음료(주),2015-01-22 11:12:12,8801056042226,19780368002405
2%사과350펫,29000,가공식품,과일.채소류음료,과.채음료,롯데칠성음료(주),2015-01-22 11:12:12,8801056033057,19780368002405
2%사과240캔,9000,가공식품,과일.채소류음료,과.채음료,롯데칠성음료(주),2015-01-22 11:12:12,8801056033026,19780368002405
롯)2%-사과캔,29000,가공식품,과일.채소류음료,과.채음료,롯데칠성음료(주),2015-01-22 11:12:12,8801056005672,19780368002405
핫식스,23000,가공식품,탄산음료류,탄산음료,롯데칠성음료(주),2015-01-22 11:12:12,8801056038861,19780368002342
한국삼 금산명품홍삼 60ml*60포,36000,가공식품,음료류,인삼.홍삼음료,한국삼,2015-01-22 11:12:12,8809228150021,200204672152
한국삼 금산명품홍삼 60ml*30포,22000,가공식품,음료류,인삼.홍삼음료,한국삼,2015-01-22 11:12:12,8809228150014,200204672152
대웅 홍삼 골드,7000,가공식품,음료류,인삼.홍삼음료,(주)동서제약웰빙,2015-01-22 11:12:12,8809253640177,20050555180212
히야 오렌지180ML,20000,가공식품,과일.채소류음료,농축과.채즙(또는 과.채분),롯데칠성음료(주),2015-01-22 11:12:12,8801056924011,19780368002220
보령제약 알틴제로 100ml*3,22000,가공식품,기타음료,혼합음료,보령제약(주),2015-01-22 11:12:12,8806003011522,19940311001126
프리미어 모카 마일드 커피믹스 1㎏,4000,가공식품,음료류,커피,중앙식품산업사,2015-01-22 11:12:12,8804342398984,1995044000242
중앙 모카마일드 1㎏,34000,가공식품,음료류,커피,중앙식품산업사,2015-01-22 11:12:12,8804342387872,1995044000239
커피랑 커피카페 1㎏,3000,가공식품,음료류,커피,중앙식품산업사,2015-01-22 11:12:12,8804342343434,1995044000231
커피랑 커피믹스 1㎏,24000,가공식품,음료류,커피,중앙식품산업사,2015-01-22 11:12:12,8804342310108,1995044000230
장쾌삼 발효홍삼 원(元) 세트 병,35000,가공식품,음료류,인삼.홍삼음료,웅진식품(주),2015-01-22 11:12:12,8801382134749,19960458039283
장괘삼 발효홍삼 원(元) 모둠3호,30000,가공식품,음료류,인삼.홍삼음료,웅진식품(주),2015-01-22 11:12:12,8801382137405,19960458039283
장쾌삼 발효홍삼 수 모듬 4호,10000,가공식품,음료류,인삼.홍삼음료,웅진식품(주),2015-01-22 11:12:12,8801382137382,19960458039282
웅진 장쾌삼 발효홍삼 수 50ml,8000,가공식품,음료류,인삼.홍삼음료,웅진식품(주),2015-01-22 11:12:12,8801382134848,19960458039282
2%부족레몬에이드350펫,4000,가공식품,기타음료,혼합음료,롯데칠성음료(주),2015-01-22 11:12:12,8801056017606,19780614001267
2%부족할때레몬에이드캔,4000,가공식품,기타음료,혼합음료,롯데칠성음료(주),2015-01-22 11:12:12,8801056018160,19780614001267
2%부족레몬에이드1.5펫,24000,가공식품,기타음료,혼합음료,롯데칠성음료(주),2015-01-22 11:12:12,8801056017644,19780614001267
델몬트망고오렌지1.5ℓ+스카시포도1.5ℓ,11000,가공식품,과일.채소류음료,과.채음료,롯데칠성음료(주),2015-01-22 11:12:12,8801056013110,19780614001264
델몬트망고+오렌지기획2.0펫,13000,가공식품,과일.채소류음료,과.채음료,롯데칠성음료(주),2015-01-22 11:12:12,8801056003364,19780614001264
희창유업 카페모카골드 100t,40000,가공식품,음료류,커피,(주)희창유업,2015-01-22 11:12:12,8801746672443,20080614259127
포르테 커피세트 3호,31000,가공식품,음료류,커피,(주)카파아이엔티,2015-01-22 11:12:12,8809057795523,200803581198
삼남매식품]전통식혜500mlpt,18000,가공식품,기타음료,혼합음료,삼남매식품,2015-01-22 11:12:12,8809221606204,200603682142
삼남매식품]전통식혜1.5Lpt,35000,가공식품,기타음료,혼합음료,삼남매식품,2015-01-22 11:12:12,8809221607072,200603682142
쌕쌕포도뉴 238ML,8000,가공식품,과일.채소류음료,농축과.채즙(또는 과.채분),롯데칠성음료(주),2015-01-22 11:12:12,8801056298012,1978061400165
쌕쌕포도 포도맛 238MLx12`S,11000,가공식품,과일.채소류음료,농축과.채즙(또는 과.채분),롯데칠성음료(주),2015-01-22 11:12:12,8801056298128,1978061400165
쌕쌕포도선물용,21000,가공식품,과일.채소류음료,농축과.채즙(또는 과.채분),롯데칠성음료(주),2015-01-22 11:12:12,8801056001858,1978061400165
쌕쌕오렌지100 뉴 오렌지과즙100% 238ML,11000,가공식품,과일.채소류음료,농축과.채즙(또는 과.채분),롯데칠성음료(주),2015-01-22 11:12:12,8801056389017,1978061400160
쌕쌕뉴오렌지100 오렌지100% 238MLx12`S,26000,가공식품,과일.채소류음료,농축과.채즙(또는 과.채분),롯데칠성음료(주),2015-01-22 11:12:12,8801056389123,1978061400160
쌕쌕,6000,가공식품,과일.채소류음료,농축과.채즙(또는 과.채분),롯데칠성음료(주),2015-01-22 11:12:12,8801056001841,1978061400160
쌕쌕오렌지마일드,6000,가공식품,과일.채소류음료,농축과.채즙(또는 과.채분),롯데칠성음료(주),2015-01-22 11:12:12,8801056688011,1978061400160
롯데칠성쌕쌕오렌지(240ml*12),16000,가공식품,과일.채소류음료,농축과.채즙(또는 과.채분),롯데칠성음료(주),2015-01-22 11:12:12,8801056688127,1978061400160
포르테 커피세트 1호,4000,가공식품,음료류,커피,(주)카파아이엔티,2015-01-22 11:12:12,8809057795509,200803581198
비타F,3000,가공식품,기타음료,혼합음료,조선무약(자),2015-01-22 11:12:12,8806020311353,19930311033121
자연을담은명품블루베리100 70ml,18000,가공식품,과일.채소류음료,과.채음료,한국삼,2015-01-22 11:12:12,8809228158881,2002046721516
자연을담은명품블루베리100 70ml*30포,27000,가공식품,과일.채소류음료,과.채음료,한국삼,2015-01-22 11:12:12,8809228158898,2002046721516
비타시,34000,가공식품,기타음료,혼합음료,일양약품(주),2015-01-22 11:12:12,8806001083767,19850347002108
토코페롤천 210ML,28000,가공식품,기타음료,혼합음료,일양약품(주),2015-01-22 11:12:12,8806001084887,19850347002103
토코페롤천250,32000,가공식품,기타음료,혼합음료,일양약품(주),2015-01-22 11:12:12,8806001084542,19850347002103
토코페롤 1000 210ML*10,9000,가공식품,기타음료,혼합음료,일양약품(주),2015-01-22 11:12:12,8806001084894,19850347002103
토코페롤천250*5,38000,가공식품,기타음료,혼합음료,일양약품(주),2015-01-22 11:12:12,8806001085020,19850347002103
비타헬시,6000,가공식품,기타음료,혼합음료,일양약품(주),2015-01-22 11:12:12,8806001083750,1985034700284
비타헬시100ml*20,12000,가공식품,기타음료,혼합음료,일양약품(주),2015-01-22 11:12:12,8806001083798,1985034700284
꾸러기철력(바나나맛)100ml*10,7000,가공식품,과일.채소류음료,농축과.채즙(또는 과.채분),일양약품(주),2015-01-22 11:12:12,8806001083026,1985034700279
보령제약 알틴제로 100ml,3000,가공식품,기타음료,혼합음료,보령제약(주),2015-01-22 11:12:12,8806003011362,19940311001126
(주)한국인삼공사 정관장 가인,34000,가공식품,음료류,인삼.홍삼음료,(주)한국인삼공사,2015-01-22 11:12:12,8809332391303,19960470037212
(주)한국인삼공사 굿베이스 홍삼에너지업,28000,가공식품,음료류,인삼.홍삼음료,(주)한국인삼공사,2015-01-22 11:12:12,8809023001269,19960470037198
위솔액,5000,가공식품,기타음료,혼합음료,조선무약(자),2015-01-22 11:12:12,8806430012802,19930311033144
위솔액,30000,가공식품,기타음료,혼합음료,조선무약(자),2015-01-22 11:12:12,8806430012819,19930311033144
솔표 비타우린,40000,가공식품,기타음료,혼합음료,조선무약(자),2015-01-22 11:12:12,8806020311919,19930311033143
홍삼액플러스 850ml+(70ml*5포*2박스),37000,가공식품,음료류,인삼.홍삼음료,한국양봉농업협동조합,2015-01-22 11:12:12,8802673003317,200903602693
홍삼액플러스850ml(병),34000,가공식품,음료류,인삼.홍삼음료,한국양봉농업협동조합,2015-01-22 11:12:12,8802673003300,200903602693
한국양봉농협 홍삼액플러스(70ml*8포*3box),32000,가공식품,음료류,인삼.홍삼음료,한국양봉농업협동조합,2015-01-22 11:12:12,8802673003362,200903602693
한국양봉농협 홍삼액플러스850ml*2병/70ml*5포/75ml*2병,16000,가공식품,음료류,인삼.홍삼음료,한국양봉농업협동조합,2015-01-22 11:12:12,8802673003355,200903602693
홍삼액플러스1000ml,19000,가공식품,음료류,인삼.홍삼음료,한국양봉농업협동조합,2015-01-22 11:12:12,8802673003256,200903602693
홍삼액플러스70ml*15포(5포*3박스),23000,가공식품,음료류,인삼.홍삼음료,한국양봉농업협동조합,2015-01-22 11:12:12,8802673003218,200903602693
홍삼액플러스70ml*40포(5포*8박스),29000,가공식품,음료류,인삼.홍삼음료,한국양봉농업협동조합,2015-01-22 11:12:12,8802673003225,200903602693
홍삼액플러스75ml(병),20000,가공식품,음료류,인삼.홍삼음료,한국양봉농업협동조합,2015-01-22 11:12:12,8802673003232,200903602693
홍삼액플러스70ml(파우치),3000,가공식품,음료류,인삼.홍삼음료,한국양봉농업협동조합,2015-01-22 11:12:12,8802673003249,200903602693
"한국명가 명품 발효 홍삼액 75ml*8병, 80ml*10포",22000,가공식품,음료류,인삼.홍삼음료,한국양봉농업협동조합,2015-01-22 11:12:12,8802673003201,200903602692
홍삼액플러스75ml*10병,11000,가공식품,음료류,인삼.홍삼음료,한국양봉농업협동조합,2015-01-22 11:12:12,8802673003263,200903602693
토마토,8000,가공식품,과일.채소류음료,농축과.채즙(또는 과.채분),(주)금강비앤에프,2015-01-22 11:12:12,8804074600546,1995043302680
갈아서만든배,31000,가공식품,과일.채소류음료,농축과.채즙(또는 과.채분),(주)금강비앤에프,2015-01-22 11:12:12,8804074100350,1995043302678
웅진자연은196일석류1.5ℓ,22000,가공식품,과일.채소류음료,과.채음료,웅진식품(주),2015-01-22 11:12:12,8801382131014,19960458039204
자연은365레드오렌지1.5l,25000,가공식품,과일.채소류음료,과.채음료,웅진식품(주),2015-01-22 11:12:12,8801382130802,19960458039201
내가파인 프리미엄커피믹스 20티백,28000,가공식품,음료류,커피,(주)코시스템,2015-01-22 11:12:12,8809380760175,2006036425935
광동제약(주) 카샤 카페모카 200ml*4,24000,가공식품,음료류,커피,광동제약(주),2015-01-22 11:12:12,8806002010670,19960308010323
광동제약(주) 카샤 카페모카 200ml,18000,가공식품,음료류,커피,광동제약(주),2015-01-22 11:12:12,8806002010465,19960308010323
광동제약(주) 카샤 스위트 아메리카노 275ml,26000,가공식품,음료류,커피,광동제약(주),2015-01-22 11:12:12,8806002010571,19960308010322
광동제약(주) 카샤 스위트 아메리카노240ml,33000,가공식품,음료류,커피,광동제약(주),2015-01-22 11:12:12,8806002010441,19960308010322
광동제약(주) 카샤 스위트아메리카노 200ml,7000,가공식품,음료류,커피,광동제약(주),2015-01-22 11:12:12,8806002010427,19960308010322
(주)농심 카프리썬 정글드링크 200ml,11000,가공식품,과일.채소류음료,과.채음료,(주)농심,2015-01-22 11:12:12,8801043650762,1997036029915
농심 카프리썬 사과맛 200ml,6000,가공식품,과일.채소류음료,과.채음료,(주)농심,2015-01-22 11:12:12,8801043650700,1997036029914
에이스 화이바 후레쉬(100ml*10병),27000,가공식품,기타음료,혼합음료,태웅식품주식회사,2015-01-22 11:12:12,8802774000369,1989044501468
웅진식품내사랑유자1.5L+자)감귤,36000,가공식품,기타음료,혼합음료,웅진식품(주),2015-01-22 11:12:12,8801382132455,19960458039220
웅진식품내사랑유자c1.5L,6000,가공식품,기타음료,혼합음료,웅진식품(주),2015-01-22 11:12:12,8801382128038,19960458039220
웅진식품 이마트엄마의정성알로에병180㎖,30000,가공식품,기타음료,혼합음료,웅진식품(주),2015-01-22 11:12:12,8801382144823,19960458039214
웅진식품 이마트엄마의정성제주감귤병180㎖,16000,가공식품,과일.채소류음료,과.채음료,웅진식품(주),2015-01-22 11:12:12,8801382144830,19960458039213
웅진종합세트(PET) 1.3L*4,26000,가공식품,과일.채소류음료,과.채주스,웅진식품(주),2015-01-22 11:12:12,8801382128694,19960458039211
용적삼홍녹33 (70ML*60) 4200ML,18000,가공식품,음료류,인삼.홍삼음료,경기동부인삼농업협동조합,2015-01-22 11:12:12,8809057550023,200403583601
"제주산소수 1,500ml",10000,가공식품,기타음료,혼합음료,주식회사제주산소수,2015-01-22 11:12:12,8809423870014,200906313481
제주산소수 500ml,28000,가공식품,기타음료,혼합음료,주식회사제주산소수,2015-01-22 11:12:12,8809423870007,200906313481
잔치집 홍대추 240MLx15`S,25000,가공식품,과일.채소류음료,농축과.채즙(또는 과.채분),롯데칠성음료(주),2015-01-22 11:12:12,8801056224158,19780368002130
잔치집홍대추 238ML,14000,가공식품,과일.채소류음료,농축과.채즙(또는 과.채분),롯데칠성음료(주),2015-01-22 11:12:12,8801056714017,19780368002130
잔치집홍대추 240ML,4000,가공식품,과일.채소류음료,농축과.채즙(또는 과.채분),롯데칠성음료(주),2015-01-22 11:12:12,8801056224011,19780368002130
잔치집홍대추1.5l,30000,가공식품,과일.채소류음료,농축과.채즙(또는 과.채분),롯데칠성음료(주),2015-01-22 11:12:12,8801056233013,19780368002130
이마트 홍삼추출액(90mlx30포),39000,가공식품,음료류,인삼.홍삼음료,종근당건강(주),2015-01-22 11:12:12,8805915530633,2005045631574
트레이더스홍삼추출액,27000,가공식품,음료류,인삼.홍삼음료,종근당건강(주),2015-01-22 11:12:12,8805915531036,2005045631574
트레이더스홍삼추출액,10000,가공식품,음료류,인삼.홍삼음료,종근당건강(주),2015-01-22 11:12:12,8805915531012,2005045631574
100%배즙(4봉) 120ML*4,8000,가공식품,과일.채소류음료,농축과.채즙(또는 과.채분),두레식품,2015-01-22 11:12:12,8809080300060,200104561601
100%배즙(50봉)120ML*50,7000,가공식품,과일.채소류음료,농축과.채즙(또는 과.채분),두레식품,2015-01-22 11:12:12,8809080300039,200104561601
초록빛 매실100ml,15000,가공식품,과일.채소류음료,과.채주스,태웅식품주식회사,2015-01-22 11:12:12,8802774000987,1989044501494
초록빛 매실(100ml*10병),11000,가공식품,과일.채소류음료,과.채주스,태웅식품주식회사,2015-01-22 11:12:12,8802774001014,1989044501494
시크릿하우스 투데이스 카페 더치커피 팝(POP) 1 500ml,10000,가공식품,음료류,커피,시크릿하우스,2015-01-22 11:12:12,8809424480038,201303204782
시크릿하우스 투데이스 카페 더치커피 팝(POP)[선물포장] 1 500ml,5000,가공식품,음료류,커피,시크릿하우스,2015-01-22 11:12:12,8809424480021,201303204782
초록원 유자,28000,가공식품,과일.채소류음료,과.채음료,(주)초록원,2015-01-22 11:12:12,8807920310347,2005056047063
엔파워술깬사회100ml,3000,가공식품,기타음료,혼합음료,엔파워,2015-01-22 11:12:12,8809397830014,201203331886
엔파워술깬사회10병100ml,11000,가공식품,기타음료,혼합음료,엔파워,2015-01-22 11:12:12,8809397830007,201203331886
엔파워술깬사회100ml/10병/10박스,33000,가공식품,기타음료,혼합음료,엔파워,2015-01-22 11:12:12,8809397830021,201203331886
액티칼V골드(500ml)미량요소복합비료,11000,가공식품,기타음료,혼합음료,에코바이오텍(주),2015-01-22 11:12:12,8809409910154,200403641995
액티칼V골드(1L)미량요소복합비료,16000,가공식품,기타음료,혼합음료,에코바이오텍(주),2015-01-22 11:12:12,8809409910123,200403641995
㈜대건내츄럴 쿨모닝푸룬,3000,가공식품,과일.채소류음료,과.채주스,(주)대건내츄럴,2015-01-22 11:12:12,8809068661176,2006044312751
㈜대건내츄럴 대건생클로렐라 120ML,28000,가공식품,과일.채소류음료,과.채주스,(주)대건내츄럴,2015-01-22 11:12:12,8809068661169,2006044312750
㈜대건내츄럴 새싹삼한뿌리유기농신립초 120ML,23000,가공식품,과일.채소류음료,과.채주스,(주)대건내츄럴,2015-01-22 11:12:12,8809068661152,2006044312749
㈜대건내츄럴 양배추혼합즙 120ML,20000,가공식품,과일.채소류음료,과.채주스,(주)대건내츄럴,2015-01-22 11:12:12,8809068661077,2006044312745
㈜대건내츄럴 블루베리프리미엄 120ML,26000,가공식품,과일.채소류음료,과.채주스,(주)대건내츄럴,2015-01-22 11:12:12,8809068661008,2006044312744
(정문)산삼&홍삼(6년근)세트,11000,가공식품,음료류,인삼.홍삼음료,태웅식품(주),2015-01-22 11:12:12,8802774003445,19890445014378
배양근산삼과 6년근홍삼,27000,가공식품,음료류,인삼.홍삼음료,태웅식품(주),2015-01-22 11:12:12,8802774006927,19890445014378
(주)웰팜 자연원 파인애플주스(950ml),39000,가공식품,과일.채소류음료,과.채주스,(주)웰팜,2015-01-22 11:12:12,8809135308157,20030445042134
2%부족할때 복숭아맛 1.5LX12`S,7000,가공식품,기타음료,혼합음료,롯데칠성음료(주),2015-01-22 11:12:12,8801056787127,200003603721
이프로부족할때 복숭아맛 250ML,28000,가공식품,기타음료,혼합음료,롯데칠성음료(주),2015-01-22 11:12:12,8801056024017,200003603721
이프로(2%)부족할때 복숭아맛 250MLx6`S,21000,가공식품,기타음료,혼합음료,롯데칠성음료(주),2015-01-22 11:12:12,8801056024062,200003603721
2%부족할때 복숭아 과즙5% 340ml,23000,가공식품,기타음료,혼합음료,롯데칠성음료(주),2015-01-22 11:12:12,8801056798017,200003603721
2%부족할때복숭아350펫,32000,가공식품,기타음료,혼합음료,롯데칠성음료(주),2015-01-22 11:12:12,8801056017583,200003603721
2%부족복숭아250*6,3000,가공식품,기타음료,혼합음료,롯데칠성음료(주),2015-01-22 11:12:12,8801056021062,200003603721
2%복숭아1.5l,7000,가공식품,기타음료,혼합음료,롯데칠성음료(주),2015-01-22 11:12:12,8801056487010,200003603721
